id,additional_notes,other_party_involved,supporting_document_url,witness_name,witness_phone,fnol_id
1,Third party involved,No,https://cdn.example.com/docs/fnol_1.pdf,Noah Sharma,,1
2,Dashcam footage available,No,https://cdn.example.com/docs/fnol_2.pdf,Priya Wilson,+6580007002,2
3,Third party involved,Yes,https://cdn.example.com/docs/fnol_3.pdf,,+6580007003,3
4,Dashcam footage available,Yes,https://cdn.example.com/docs/fnol_4.pdf,,,4
5,Police report filed,Yes,https://cdn.example.com/docs/fnol_5.pdf,Rohan Davis,+6580007005,5
6,Tow required,No,https://cdn.example.com/docs/fnol_6.pdf,,+6580007006,6
7,Tow required,Yes,https://cdn.example.com/docs/fnol_7.pdf,,,7
8,Police report filed,Yes,https://cdn.example.com/docs/fnol_8.pdf,Sam Lim,+6580007008,8
9,Dashcam footage available,No,https://cdn.example.com/docs/fnol_9.pdf,,,9
10,Driver uninjured,Yes,https://cdn.example.com/docs/fnol_10.pdf,,,10
11,Tow required,No,https://cdn.example.com/docs/fnol_11.pdf,,,11
12,Third party involved,Yes,https://cdn.example.com/docs/fnol_12.pdf,,,12
13,Driver uninjured,No,https://cdn.example.com/docs/fnol_13.pdf,,+6580007013,13
14,Dashcam footage available,No,https://cdn.example.com/docs/fnol_14.pdf,Jordan Johnson,+6580007014,14
15,Tow required,No,https://cdn.example.com/docs/fnol_15.pdf,Sam Johnson,,15
16,Tow required,No,https://cdn.example.com/docs/fnol_16.pdf,,,16
17,Driver uninjured,Yes,https://cdn.example.com/docs/fnol_17.pdf,,,17
18,Tow required,No,https://cdn.example.com/docs/fnol_18.pdf,,,18
19,Third party involved,Yes,https://cdn.example.com/docs/fnol_19.pdf,,+6580007019,19
20,Police report filed,Yes,https://cdn.example.com/docs/fnol_20.pdf,,+6580007020,20
21,Dashcam footage available,Yes,https://cdn.example.com/docs/fnol_21.pdf,Mei Lee,+6580007021,21
22,Dashcam footage available,Yes,https://cdn.example.com/docs/fnol_22.pdf,,,22
23,Police report filed,Yes,https://cdn.example.com/docs/fnol_23.pdf,,,23
24,Dashcam footage available,No,https://cdn.example.com/docs/fnol_24.pdf,,+6580007024,24
25,Dashcam footage available,No,https://cdn.example.com/docs/fnol_25.pdf,,,25
26,Dashcam footage available,No,https://cdn.example.com/docs/fnol_26.pdf,,+6580007026,26
27,Dashcam footage available,Yes,https://cdn.example.com/docs/fnol_27.pdf,,+6580007027,27
28,Driver uninjured,No,https://cdn.example.com/docs/fnol_28.pdf,,+6580007028,28
29,Police report filed,No,https://cdn.example.com/docs/fnol_29.pdf,,+6580007029,29
30,Tow required,Yes,https://cdn.example.com/docs/fnol_30.pdf,Taylor Wong,,30
31,Police report filed,Yes,https://cdn.example.com/docs/fnol_31.pdf,Avery Kumar,,31
32,Driver uninjured,No,https://cdn.example.com/docs/fnol_32.pdf,,,32
33,Driver uninjured,No,https://cdn.example.com/docs/fnol_33.pdf,,+6580007033,33
34,Dashcam footage available,No,https://cdn.example.com/docs/fnol_34.pdf,,,34
35,Dashcam footage available,Yes,https://cdn.example.com/docs/fnol_35.pdf,Olivia Lim,+6580007035,35
36,Dashcam footage available,Yes,https://cdn.example.com/docs/fnol_36.pdf,Anita Lee,+6580007036,36
37,Third party involved,No,https://cdn.example.com/docs/fnol_37.pdf,,+6580007037,37
38,Third party involved,No,https://cdn.example.com/docs/fnol_38.pdf,,,38
39,Driver uninjured,Yes,https://cdn.example.com/docs/fnol_39.pdf,Haru Lim,,39
40,Police report filed,Yes,https://cdn.example.com/docs/fnol_40.pdf,Alex Lim,,40
41,Tow required,Yes,https://cdn.example.com/docs/fnol_41.pdf,,+6580007041,41
42,Driver uninjured,Yes,https://cdn.example.com/docs/fnol_42.pdf,,+6580007042,42
43,Third party involved,No,https://cdn.example.com/docs/fnol_43.pdf,Jordan Sharma,+6580007043,43
44,Police report filed,No,https://cdn.example.com/docs/fnol_44.pdf,,+6580007044,44
45,Tow required,Yes,https://cdn.example.com/docs/fnol_45.pdf,,+6580007045,45
46,Driver uninjured,No,https://cdn.example.com/docs/fnol_46.pdf,,+6580007046,46
47,Tow required,No,https://cdn.example.com/docs/fnol_47.pdf,,,47
48,Driver uninjured,No,https://cdn.example.com/docs/fnol_48.pdf,Rohan Kumar,+6580007048,48
49,Dashcam footage available,Yes,https://cdn.example.com/docs/fnol_49.pdf,,,49
50,Dashcam footage available,Yes,https://cdn.example.com/docs/fnol_50.pdf,Nina Chen,,50
51,Driver uninjured,Yes,https://cdn.example.com/docs/fnol_51.pdf,Jordan Tan,+6580007051,51
52,Third party involved,No,https://cdn.example.com/docs/fnol_52.pdf,,,52
53,Third party involved,No,https://cdn.example.com/docs/fnol_53.pdf,,+6580007053,53
54,Driver uninjured,No,https://cdn.example.com/docs/fnol_54.pdf,Liam Chen,+6580007054,54
55,Third party involved,No,https://cdn.example.com/docs/fnol_55.pdf,,,55
56,Tow required,No,https://cdn.example.com/docs/fnol_56.pdf,,+6580007056,56
57,Dashcam footage available,No,https://cdn.example.com/docs/fnol_57.pdf,,+6580007057,57
58,Police report filed,Yes,https://cdn.example.com/docs/fnol_58.pdf,,+6580007058,58
59,Third party involved,No,https://cdn.example.com/docs/fnol_59.pdf,,+6580007059,59
60,Third party involved,Yes,https://cdn.example.com/docs/fnol_60.pdf,Mei Lim,,60
61,Dashcam footage available,No,https://cdn.example.com/docs/fnol_61.pdf,,,61
62,Dashcam footage available,Yes,https://cdn.example.com/docs/fnol_62.pdf,,,62
63,Dashcam footage available,No,https://cdn.example.com/docs/fnol_63.pdf,Olivia Lee,,63
64,Tow required,Yes,https://cdn.example.com/docs/fnol_64.pdf,,,64
65,Driver uninjured,No,https://cdn.example.com/docs/fnol_65.pdf,,+6580007065,65
66,Tow required,No,https://cdn.example.com/docs/fnol_66.pdf,,+6580007066,66
67,Third party involved,No,https://cdn.example.com/docs/fnol_67.pdf,Aarav Tan,,67
68,Dashcam footage available,Yes,https://cdn.example.com/docs/fnol_68.pdf,,+6580007068,68
69,Police report filed,No,https://cdn.example.com/docs/fnol_69.pdf,Arun Davis,+6580007069,69
70,Third party involved,No,https://cdn.example.com/docs/fnol_70.pdf,,,70
71,Police report filed,Yes,https://cdn.example.com/docs/fnol_71.pdf,,+6580007071,71
72,Dashcam footage available,Yes,https://cdn.example.com/docs/fnol_72.pdf,,,72
73,Dashcam footage available,Yes,https://cdn.example.com/docs/fnol_73.pdf,Sam Sharma,+6580007073,73
74,Third party involved,No,https://cdn.example.com/docs/fnol_74.pdf,Morgan Chen,,74
75,Driver uninjured,Yes,https://cdn.example.com/docs/fnol_75.pdf,,+6580007075,75
76,Police report filed,No,https://cdn.example.com/docs/fnol_76.pdf,Priya Johnson,+6580007076,76
77,Tow required,Yes,https://cdn.example.com/docs/fnol_77.pdf,Mei Anderson,,77
78,Police report filed,No,https://cdn.example.com/docs/fnol_78.pdf,,,78
79,Dashcam footage available,Yes,https://cdn.example.com/docs/fnol_79.pdf,Sara Wilson,,79
80,Driver uninjured,Yes,https://cdn.example.com/docs/fnol_80.pdf,Kris Ng,+6580007080,80
81,Dashcam footage available,Yes,https://cdn.example.com/docs/fnol_81.pdf,Aarav Wilson,+6580007081,81
82,Dashcam footage available,No,https://cdn.example.com/docs/fnol_82.pdf,,+6580007082,82
83,Driver uninjured,Yes,https://cdn.example.com/docs/fnol_83.pdf,Mei Gupta,+6580007083,83
84,Third party involved,Yes,https://cdn.example.com/docs/fnol_84.pdf,,+6580007084,84
85,Police report filed,Yes,https://cdn.example.com/docs/fnol_85.pdf,,,85
86,Police report filed,Yes,https://cdn.example.com/docs/fnol_86.pdf,Sam Davis,,86
87,Police report filed,Yes,https://cdn.example.com/docs/fnol_87.pdf,,,87
88,Tow required,No,https://cdn.example.com/docs/fnol_88.pdf,,,88
89,Third party involved,No,https://cdn.example.com/docs/fnol_89.pdf,,+6580007089,89
90,Dashcam footage available,No,https://cdn.example.com/docs/fnol_90.pdf,,,90
91,Police report filed,Yes,https://cdn.example.com/docs/fnol_91.pdf,Rahul Anderson,,91
92,Dashcam footage available,Yes,https://cdn.example.com/docs/fnol_92.pdf,Sam Ng,+6580007092,92
93,Dashcam footage available,No,https://cdn.example.com/docs/fnol_93.pdf,Morgan Anderson,,93
94,Tow required,No,https://cdn.example.com/docs/fnol_94.pdf,Isha Lee,,94
95,Police report filed,No,https://cdn.example.com/docs/fnol_95.pdf,Rahul Tan,+6580007095,95
96,Tow required,Yes,https://cdn.example.com/docs/fnol_96.pdf,Mei Thomas,+6580007096,96
97,Third party involved,Yes,https://cdn.example.com/docs/fnol_97.pdf,Emma Anderson,,97
98,Driver uninjured,Yes,https://cdn.example.com/docs/fnol_98.pdf,,,98
99,Tow required,Yes,https://cdn.example.com/docs/fnol_99.pdf,,+6580007099,99
100,Police report filed,No,https://cdn.example.com/docs/fnol_100.pdf,,,100
101,Driver uninjured,Yes,https://cdn.example.com/docs/fnol_101.pdf,,,101
102,Driver uninjured,No,https://cdn.example.com/docs/fnol_102.pdf,,,102
103,Tow required,Yes,https://cdn.example.com/docs/fnol_103.pdf,Haru Wilson,,103
104,Dashcam footage available,No,https://cdn.example.com/docs/fnol_104.pdf,Avery Thomas,+6580007104,104
105,Third party involved,No,https://cdn.example.com/docs/fnol_105.pdf,Suresh Sharma,,105
106,Driver uninjured,Yes,https://cdn.example.com/docs/fnol_106.pdf,,,106
107,Driver uninjured,No,https://cdn.example.com/docs/fnol_107.pdf,Rahul Patel,+6580007107,107
108,Third party involved,Yes,https://cdn.example.com/docs/fnol_108.pdf,Sam Miller,,108
109,Driver uninjured,Yes,https://cdn.example.com/docs/fnol_109.pdf,,,109
110,Dashcam footage available,Yes,https://cdn.example.com/docs/fnol_110.pdf,Alex Sharma,,110
111,Driver uninjured,Yes,https://cdn.example.com/docs/fnol_111.pdf,,,111
112,Police report filed,Yes,https://cdn.example.com/docs/fnol_112.pdf,,+6580007112,112
113,Police report filed,Yes,https://cdn.example.com/docs/fnol_113.pdf,Wei Johnson,+6580007113,113
114,Dashcam footage available,No,https://cdn.example.com/docs/fnol_114.pdf,,,114
115,Third party involved,Yes,https://cdn.example.com/docs/fnol_115.pdf,,+6580007115,115
116,Driver uninjured,No,https://cdn.example.com/docs/fnol_116.pdf,Sam Patel,,116
117,Driver uninjured,Yes,https://cdn.example.com/docs/fnol_117.pdf,Wei Thomas,,117
118,Police report filed,Yes,https://cdn.example.com/docs/fnol_118.pdf,Isha Lim,+6580007118,118
119,Driver uninjured,Yes,https://cdn.example.com/docs/fnol_119.pdf,Neha Davis,+6580007119,119
120,Tow required,No,https://cdn.example.com/docs/fnol_120.pdf,,,120
121,Driver uninjured,No,https://cdn.example.com/docs/fnol_121.pdf,Olivia Chen,+6580007121,121
122,Tow required,Yes,https://cdn.example.com/docs/fnol_122.pdf,,+6580007122,122
123,Driver uninjured,Yes,https://cdn.example.com/docs/fnol_123.pdf,Sam Sharma,+6580007123,123
124,Tow required,No,https://cdn.example.com/docs/fnol_124.pdf,Kris Anderson,,124
125,Dashcam footage available,Yes,https://cdn.example.com/docs/fnol_125.pdf,,,125
126,Police report filed,No,https://cdn.example.com/docs/fnol_126.pdf,,,126
127,Tow required,No,https://cdn.example.com/docs/fnol_127.pdf,Morgan Wong,,127
128,Tow required,Yes,https://cdn.example.com/docs/fnol_128.pdf,,,128
129,Third party involved,Yes,https://cdn.example.com/docs/fnol_129.pdf,,,129
130,Police report filed,Yes,https://cdn.example.com/docs/fnol_130.pdf,Olivia Chen,+6580007130,130
131,Driver uninjured,Yes,https://cdn.example.com/docs/fnol_131.pdf,Emma Kumar,,131
132,Tow required,Yes,https://cdn.example.com/docs/fnol_132.pdf,Nina Tan,+6580007132,132
133,Driver uninjured,Yes,https://cdn.example.com/docs/fnol_133.pdf,,,133
134,Driver uninjured,No,https://cdn.example.com/docs/fnol_134.pdf,,,134
135,Driver uninjured,Yes,https://cdn.example.com/docs/fnol_135.pdf,Sara Sharma,+6580007135,135
136,Dashcam footage available,Yes,https://cdn.example.com/docs/fnol_136.pdf,,+6580007136,136
137,Tow required,Yes,https://cdn.example.com/docs/fnol_137.pdf,Rohan Brown,+6580007137,137
138,Police report filed,No,https://cdn.example.com/docs/fnol_138.pdf,,,138
139,Dashcam footage available,Yes,https://cdn.example.com/docs/fnol_139.pdf,Nina Smith,,139
140,Third party involved,No,https://cdn.example.com/docs/fnol_140.pdf,Nina Davis,+6580007140,140
141,Police report filed,Yes,https://cdn.example.com/docs/fnol_141.pdf,,,141
142,Driver uninjured,No,https://cdn.example.com/docs/fnol_142.pdf,Nina Johnson,+6580007142,142
143,Third party involved,No,https://cdn.example.com/docs/fnol_143.pdf,Emma Smith,+6580007143,143
144,Driver uninjured,Yes,https://cdn.example.com/docs/fnol_144.pdf,Priya Davis,+6580007144,144
145,Police report filed,Yes,https://cdn.example.com/docs/fnol_145.pdf,Nina Anderson,,145
146,Police report filed,No,https://cdn.example.com/docs/fnol_146.pdf,Arun Patel,+6580007146,146
147,Tow required,Yes,https://cdn.example.com/docs/fnol_147.pdf,,,147
148,Dashcam footage available,Yes,https://cdn.example.com/docs/fnol_148.pdf,Olivia Patel,,148
149,Police report filed,No,https://cdn.example.com/docs/fnol_149.pdf,Neha Wilson,+6580007149,149
150,Tow required,Yes,https://cdn.example.com/docs/fnol_150.pdf,Jamie Lee,,150
151,Driver uninjured,Yes,https://cdn.example.com/docs/fnol_151.pdf,Emma Lee,+6580007151,151
152,Third party involved,Yes,https://cdn.example.com/docs/fnol_152.pdf,,+6580007152,152
153,Dashcam footage available,No,https://cdn.example.com/docs/fnol_153.pdf,Arun Johnson,,153
154,Third party involved,No,https://cdn.example.com/docs/fnol_154.pdf,,+6580007154,154
155,Dashcam footage available,Yes,https://cdn.example.com/docs/fnol_155.pdf,Isha Johnson,+6580007155,155
156,Dashcam footage available,Yes,https://cdn.example.com/docs/fnol_156.pdf,,+6580007156,156
157,Third party involved,No,https://cdn.example.com/docs/fnol_157.pdf,,,157
158,Dashcam footage available,Yes,https://cdn.example.com/docs/fnol_158.pdf,,+6580007158,158
159,Dashcam footage available,Yes,https://cdn.example.com/docs/fnol_159.pdf,,,159
160,Driver uninjured,Yes,https://cdn.example.com/docs/fnol_160.pdf,Suresh Kumar,+6580007160,160
161,Dashcam footage available,Yes,https://cdn.example.com/docs/fnol_161.pdf,Rahul Wilson,,161
162,Tow required,No,https://cdn.example.com/docs/fnol_162.pdf,Casey Patel,,162
163,Third party involved,No,https://cdn.example.com/docs/fnol_163.pdf,Rohan Tan,,163
164,Dashcam footage available,Yes,https://cdn.example.com/docs/fnol_164.pdf,Neha Thomas,+6580007164,164
165,Third party involved,No,https://cdn.example.com/docs/fnol_165.pdf,,+6580007165,165
166,Third party involved,Yes,https://cdn.example.com/docs/fnol_166.pdf,,,166
167,Police report filed,No,https://cdn.example.com/docs/fnol_167.pdf,Haru Lee,+6580007167,167
168,Third party involved,No,https://cdn.example.com/docs/fnol_168.pdf,,+6580007168,168
169,Tow required,No,https://cdn.example.com/docs/fnol_169.pdf,Noah Sharma,,169
170,Third party involved,Yes,https://cdn.example.com/docs/fnol_170.pdf,,,170
171,Tow required,No,https://cdn.example.com/docs/fnol_171.pdf,,+6580007171,171
172,Driver uninjured,No,https://cdn.example.com/docs/fnol_172.pdf,Kai Wilson,,172
173,Dashcam footage available,Yes,https://cdn.example.com/docs/fnol_173.pdf,Kris Kumar,+6580007173,173
174,Dashcam footage available,No,https://cdn.example.com/docs/fnol_174.pdf,,+6580007174,174
175,Third party involved,Yes,https://cdn.example.com/docs/fnol_175.pdf,,,175
176,Police report filed,No,https://cdn.example.com/docs/fnol_176.pdf,,+6580007176,176
177,Police report filed,Yes,https://cdn.example.com/docs/fnol_177.pdf,,+6580007177,177
178,Police report filed,Yes,https://cdn.example.com/docs/fnol_178.pdf,,,178
179,Tow required,No,https://cdn.example.com/docs/fnol_179.pdf,Haru Gupta,,179
180,Driver uninjured,No,https://cdn.example.com/docs/fnol_180.pdf,,,180
181,Police report filed,No,https://cdn.example.com/docs/fnol_181.pdf,Sara Chen,,181
182,Driver uninjured,No,https://cdn.example.com/docs/fnol_182.pdf,,,182
183,Police report filed,No,https://cdn.example.com/docs/fnol_183.pdf,Priya Wilson,,183
184,Driver uninjured,Yes,https://cdn.example.com/docs/fnol_184.pdf,,,184
185,Police report filed,Yes,https://cdn.example.com/docs/fnol_185.pdf,Neha Kumar,+6580007185,185
186,Dashcam footage available,Yes,https://cdn.example.com/docs/fnol_186.pdf,,+6580007186,186
187,Dashcam footage available,Yes,https://cdn.example.com/docs/fnol_187.pdf,,+6580007187,187
188,Dashcam footage available,No,https://cdn.example.com/docs/fnol_188.pdf,,,188
189,Police report filed,Yes,https://cdn.example.com/docs/fnol_189.pdf,,+6580007189,189
190,Dashcam footage available,No,https://cdn.example.com/docs/fnol_190.pdf,,,190
191,Police report filed,No,https://cdn.example.com/docs/fnol_191.pdf,Riley Davis,,191
192,Tow required,Yes,https://cdn.example.com/docs/fnol_192.pdf,Priya Thomas,+6580007192,192
193,Police report filed,No,https://cdn.example.com/docs/fnol_193.pdf,Aarav Anderson,,193
194,Third party involved,No,https://cdn.example.com/docs/fnol_194.pdf,,,194
195,Driver uninjured,Yes,https://cdn.example.com/docs/fnol_195.pdf,,,195
196,Driver uninjured,No,https://cdn.example.com/docs/fnol_196.pdf,,+6580007196,196
197,Third party involved,Yes,https://cdn.example.com/docs/fnol_197.pdf,Arun Ng,+6580007197,197
198,Driver uninjured,Yes,https://cdn.example.com/docs/fnol_198.pdf,Riley Wong,,198
199,Third party involved,No,https://cdn.example.com/docs/fnol_199.pdf,Alex Wong,+6580007199,199
200,Third party involved,No,https://cdn.example.com/docs/fnol_200.pdf,,,200
201,Dashcam footage available,No,https://cdn.example.com/docs/fnol_201.pdf,Isha Brown,,201
202,Third party involved,No,https://cdn.example.com/docs/fnol_202.pdf,Isha Ng,+6580007202,202
203,Police report filed,No,https://cdn.example.com/docs/fnol_203.pdf,Liam Gupta,,203
204,Dashcam footage available,Yes,https://cdn.example.com/docs/fnol_204.pdf,Anita Thomas,,204
205,Dashcam footage available,Yes,https://cdn.example.com/docs/fnol_205.pdf,,+6580007205,205
206,Police report filed,Yes,https://cdn.example.com/docs/fnol_206.pdf,,+6580007206,206
207,Third party involved,No,https://cdn.example.com/docs/fnol_207.pdf,Olivia Anderson,+6580007207,207
208,Police report filed,No,https://cdn.example.com/docs/fnol_208.pdf,,,208
209,Driver uninjured,No,https://cdn.example.com/docs/fnol_209.pdf,,,209
210,Third party involved,No,https://cdn.example.com/docs/fnol_210.pdf,,+6580007210,210
211,Driver uninjured,No,https://cdn.example.com/docs/fnol_211.pdf,,,211
212,Third party involved,No,https://cdn.example.com/docs/fnol_212.pdf,,+6580007212,212
213,Dashcam footage available,No,https://cdn.example.com/docs/fnol_213.pdf,Suresh Tan,,213
214,Tow required,No,https://cdn.example.com/docs/fnol_214.pdf,Kris Wong,,214
215,Police report filed,Yes,https://cdn.example.com/docs/fnol_215.pdf,,+6580007215,215
216,Driver uninjured,No,https://cdn.example.com/docs/fnol_216.pdf,,+6580007216,216
217,Tow required,Yes,https://cdn.example.com/docs/fnol_217.pdf,,+6580007217,217
218,Third party involved,Yes,https://cdn.example.com/docs/fnol_218.pdf,,+6580007218,218
219,Tow required,Yes,https://cdn.example.com/docs/fnol_219.pdf,,,219
220,Police report filed,Yes,https://cdn.example.com/docs/fnol_220.pdf,Alex Wong,,220
221,Tow required,Yes,https://cdn.example.com/docs/fnol_221.pdf,Morgan Ng,+6580007221,221
222,Tow required,No,https://cdn.example.com/docs/fnol_222.pdf,,+6580007222,222
223,Driver uninjured,No,https://cdn.example.com/docs/fnol_223.pdf,,+6580007223,223
224,Dashcam footage available,No,https://cdn.example.com/docs/fnol_224.pdf,,,224
225,Tow required,Yes,https://cdn.example.com/docs/fnol_225.pdf,Riley Kumar,+6580007225,225
226,Police report filed,No,https://cdn.example.com/docs/fnol_226.pdf,Kai Tan,+6580007226,226
227,Dashcam footage available,No,https://cdn.example.com/docs/fnol_227.pdf,,+6580007227,227
228,Dashcam footage available,Yes,https://cdn.example.com/docs/fnol_228.pdf,Rahul Sharma,+6580007228,228
229,Driver uninjured,No,https://cdn.example.com/docs/fnol_229.pdf,Sara Smith,+6580007229,229
230,Police report filed,Yes,https://cdn.example.com/docs/fnol_230.pdf,,+6580007230,230
231,Tow required,Yes,https://cdn.example.com/docs/fnol_231.pdf,,+6580007231,231
232,Police report filed,Yes,https://cdn.example.com/docs/fnol_232.pdf,Kris Thomas,+6580007232,232
233,Dashcam footage available,Yes,https://cdn.example.com/docs/fnol_233.pdf,,+6580007233,233
234,Dashcam footage available,No,https://cdn.example.com/docs/fnol_234.pdf,,,234
235,Tow required,No,https://cdn.example.com/docs/fnol_235.pdf,Jamie Johnson,+6580007235,235
236,Police report filed,No,https://cdn.example.com/docs/fnol_236.pdf,,,236
237,Tow required,Yes,https://cdn.example.com/docs/fnol_237.pdf,,,237
238,Tow required,No,https://cdn.example.com/docs/fnol_238.pdf,,+6580007238,238
239,Tow required,Yes,https://cdn.example.com/docs/fnol_239.pdf,Aarav Anderson,+6580007239,239
240,Tow required,No,https://cdn.example.com/docs/fnol_240.pdf,Isha Smith,+6580007240,240
241,Driver uninjured,Yes,https://cdn.example.com/docs/fnol_241.pdf,Sam Patel,+6580007241,241
242,Dashcam footage available,No,https://cdn.example.com/docs/fnol_242.pdf,Priya Lim,,242
243,Police report filed,Yes,https://cdn.example.com/docs/fnol_243.pdf,Wei Gupta,,243
244,Police report filed,No,https://cdn.example.com/docs/fnol_244.pdf,Aarav Gupta,+6580007244,244
245,Tow required,No,https://cdn.example.com/docs/fnol_245.pdf,,+6580007245,245
246,Dashcam footage available,Yes,https://cdn.example.com/docs/fnol_246.pdf,Taylor Kumar,+6580007246,246
247,Tow required,No,https://cdn.example.com/docs/fnol_247.pdf,Olivia Thomas,,247
248,Dashcam footage available,No,https://cdn.example.com/docs/fnol_248.pdf,Jamie Chen,,248
249,Third party involved,No,https://cdn.example.com/docs/fnol_249.pdf,,,249
250,Third party involved,No,https://cdn.example.com/docs/fnol_250.pdf,,+6580007250,250
251,Tow required,Yes,https://cdn.example.com/docs/fnol_251.pdf,,+6580007251,251
252,Third party involved,No,https://cdn.example.com/docs/fnol_252.pdf,,,252
253,Tow required,No,https://cdn.example.com/docs/fnol_253.pdf,,,253
254,Third party involved,No,https://cdn.example.com/docs/fnol_254.pdf,Mei Patel,+6580007254,254
255,Dashcam footage available,No,https://cdn.example.com/docs/fnol_255.pdf,Aarav Anderson,+6580007255,255
256,Driver uninjured,Yes,https://cdn.example.com/docs/fnol_256.pdf,Avery Patel,+6580007256,256
257,Police report filed,Yes,https://cdn.example.com/docs/fnol_257.pdf,Haru Patel,+6580007257,257
258,Driver uninjured,No,https://cdn.example.com/docs/fnol_258.pdf,Wei Lee,+6580007258,258
259,Dashcam footage available,Yes,https://cdn.example.com/docs/fnol_259.pdf,,,259
260,Tow required,Yes,https://cdn.example.com/docs/fnol_260.pdf,,+6580007260,260
261,Tow required,Yes,https://cdn.example.com/docs/fnol_261.pdf,Jordan Chen,,261
262,Driver uninjured,Yes,https://cdn.example.com/docs/fnol_262.pdf,Anita Tan,+6580007262,262
263,Tow required,No,https://cdn.example.com/docs/fnol_263.pdf,Jamie Ng,+6580007263,263
264,Driver uninjured,Yes,https://cdn.example.com/docs/fnol_264.pdf,,,264
265,Dashcam footage available,No,https://cdn.example.com/docs/fnol_265.pdf,,,265
266,Police report filed,No,https://cdn.example.com/docs/fnol_266.pdf,Neha Lee,,266
267,Tow required,No,https://cdn.example.com/docs/fnol_267.pdf,Casey Chen,+6580007267,267
268,Tow required,No,https://cdn.example.com/docs/fnol_268.pdf,Suresh Gupta,+6580007268,268
269,Tow required,Yes,https://cdn.example.com/docs/fnol_269.pdf,Rohan Patel,+6580007269,269
270,Police report filed,No,https://cdn.example.com/docs/fnol_270.pdf,Mei Lim,,270
271,Driver uninjured,Yes,https://cdn.example.com/docs/fnol_271.pdf,Casey Wilson,,271
272,Police report filed,No,https://cdn.example.com/docs/fnol_272.pdf,,+6580007272,272
273,Driver uninjured,Yes,https://cdn.example.com/docs/fnol_273.pdf,Emma Wong,+6580007273,273
274,Tow required,No,https://cdn.example.com/docs/fnol_274.pdf,,+6580007274,274
275,Police report filed,Yes,https://cdn.example.com/docs/fnol_275.pdf,,,275
276,Tow required,Yes,https://cdn.example.com/docs/fnol_276.pdf,Casey Ng,,276
277,Driver uninjured,Yes,https://cdn.example.com/docs/fnol_277.pdf,,+6580007277,277
278,Police report filed,Yes,https://cdn.example.com/docs/fnol_278.pdf,Noah Smith,,278
279,Driver uninjured,No,https://cdn.example.com/docs/fnol_279.pdf,,,279
280,Third party involved,No,https://cdn.example.com/docs/fnol_280.pdf,,+6580007280,280
281,Dashcam footage available,Yes,https://cdn.example.com/docs/fnol_281.pdf,,,281
282,Driver uninjured,No,https://cdn.example.com/docs/fnol_282.pdf,Sara Johnson,,282
283,Tow required,No,https://cdn.example.com/docs/fnol_283.pdf,Noah Smith,+6580007283,283
284,Police report filed,No,https://cdn.example.com/docs/fnol_284.pdf,Kai Thomas,,284
285,Third party involved,No,https://cdn.example.com/docs/fnol_285.pdf,Kris Patel,,285
286,Third party involved,No,https://cdn.example.com/docs/fnol_286.pdf,Rohan Lee,+6580007286,286
287,Driver uninjured,No,https://cdn.example.com/docs/fnol_287.pdf,Avery Johnson,+6580007287,287
288,Third party involved,Yes,https://cdn.example.com/docs/fnol_288.pdf,,+6580007288,288
289,Dashcam footage available,Yes,https://cdn.example.com/docs/fnol_289.pdf,,+6580007289,289
290,Police report filed,No,https://cdn.example.com/docs/fnol_290.pdf,Morgan Wong,+6580007290,290
291,Driver uninjured,No,https://cdn.example.com/docs/fnol_291.pdf,Emma Chen,,291
292,Third party involved,No,https://cdn.example.com/docs/fnol_292.pdf,,,292
293,Police report filed,Yes,https://cdn.example.com/docs/fnol_293.pdf,,,293
294,Third party involved,No,https://cdn.example.com/docs/fnol_294.pdf,,,294
295,Driver uninjured,Yes,https://cdn.example.com/docs/fnol_295.pdf,,+6580007295,295
296,Dashcam footage available,Yes,https://cdn.example.com/docs/fnol_296.pdf,Rahul Brown,+6580007296,296
297,Driver uninjured,No,https://cdn.example.com/docs/fnol_297.pdf,,+6580007297,297
298,Tow required,No,https://cdn.example.com/docs/fnol_298.pdf,,,298
299,Tow required,Yes,https://cdn.example.com/docs/fnol_299.pdf,Riley Chen,,299
300,Tow required,Yes,https://cdn.example.com/docs/fnol_300.pdf,Sam Smith,,300
301,Third party involved,No,https://cdn.example.com/docs/fnol_301.pdf,Haru Tan,+6580007301,301
302,Police report filed,No,https://cdn.example.com/docs/fnol_302.pdf,Kai Lee,,302
303,Driver uninjured,No,https://cdn.example.com/docs/fnol_303.pdf,,+6580007303,303
304,Third party involved,Yes,https://cdn.example.com/docs/fnol_304.pdf,,+6580007304,304
305,Dashcam footage available,Yes,https://cdn.example.com/docs/fnol_305.pdf,Riley Lee,+6580007305,305
306,Third party involved,No,https://cdn.example.com/docs/fnol_306.pdf,Wei Gupta,+6580007306,306
307,Tow required,Yes,https://cdn.example.com/docs/fnol_307.pdf,,,307
308,Tow required,No,https://cdn.example.com/docs/fnol_308.pdf,,+6580007308,308
309,Third party involved,Yes,https://cdn.example.com/docs/fnol_309.pdf,Isha Davis,,309
310,Police report filed,Yes,https://cdn.example.com/docs/fnol_310.pdf,Emma Kumar,,310
311,Police report filed,No,https://cdn.example.com/docs/fnol_311.pdf,,,311
312,Third party involved,No,https://cdn.example.com/docs/fnol_312.pdf,Noah Ng,+6580007312,312
313,Driver uninjured,No,https://cdn.example.com/docs/fnol_313.pdf,Rohan Kumar,,313
314,Dashcam footage available,Yes,https://cdn.example.com/docs/fnol_314.pdf,Aarav Gupta,+6580007314,314
315,Police report filed,No,https://cdn.example.com/docs/fnol_315.pdf,,,315
316,Driver uninjured,No,https://cdn.example.com/docs/fnol_316.pdf,Avery Ng,,316
317,Driver uninjured,No,https://cdn.example.com/docs/fnol_317.pdf,,,317
318,Driver uninjured,No,https://cdn.example.com/docs/fnol_318.pdf,Priya Wilson,,318
319,Third party involved,Yes,https://cdn.example.com/docs/fnol_319.pdf,,+6580007319,319
320,Third party involved,No,https://cdn.example.com/docs/fnol_320.pdf,Noah Thomas,+6580007320,320
321,Dashcam footage available,No,https://cdn.example.com/docs/fnol_321.pdf,,,321
322,Tow required,Yes,https://cdn.example.com/docs/fnol_322.pdf,Noah Wong,+6580007322,322
323,Police report filed,No,https://cdn.example.com/docs/fnol_323.pdf,,+6580007323,323
324,Dashcam footage available,No,https://cdn.example.com/docs/fnol_324.pdf,Nina Brown,,324
325,Driver uninjured,Yes,https://cdn.example.com/docs/fnol_325.pdf,Jordan Ng,+6580007325,325
326,Police report filed,No,https://cdn.example.com/docs/fnol_326.pdf,,,326
327,Police report filed,Yes,https://cdn.example.com/docs/fnol_327.pdf,,+6580007327,327
328,Police report filed,Yes,https://cdn.example.com/docs/fnol_328.pdf,,,328
329,Driver uninjured,Yes,https://cdn.example.com/docs/fnol_329.pdf,,,329
330,Driver uninjured,Yes,https://cdn.example.com/docs/fnol_330.pdf,,+6580007330,330
331,Driver uninjured,No,https://cdn.example.com/docs/fnol_331.pdf,Anita Brown,+6580007331,331
332,Tow required,Yes,https://cdn.example.com/docs/fnol_332.pdf,,,332
333,Third party involved,No,https://cdn.example.com/docs/fnol_333.pdf,Arun Smith,,333
334,Police report filed,No,https://cdn.example.com/docs/fnol_334.pdf,Mei Thomas,+6580007334,334
335,Tow required,Yes,https://cdn.example.com/docs/fnol_335.pdf,,,335
336,Police report filed,No,https://cdn.example.com/docs/fnol_336.pdf,Jamie Thomas,+6580007336,336
337,Police report filed,Yes,https://cdn.example.com/docs/fnol_337.pdf,,,337
338,Driver uninjured,No,https://cdn.example.com/docs/fnol_338.pdf,,+6580007338,338
339,Driver uninjured,Yes,https://cdn.example.com/docs/fnol_339.pdf,Casey Lee,+6580007339,339
340,Third party involved,No,https://cdn.example.com/docs/fnol_340.pdf,Kai Sharma,,340
341,Police report filed,Yes,https://cdn.example.com/docs/fnol_341.pdf,Arun Miller,+6580007341,341
342,Police report filed,No,https://cdn.example.com/docs/fnol_342.pdf,,+6580007342,342
343,Police report filed,Yes,https://cdn.example.com/docs/fnol_343.pdf,,,343
344,Police report filed,Yes,https://cdn.example.com/docs/fnol_344.pdf,Morgan Patel,+6580007344,344
345,Third party involved,Yes,https://cdn.example.com/docs/fnol_345.pdf,,+6580007345,345
346,Third party involved,Yes,https://cdn.example.com/docs/fnol_346.pdf,Sara Smith,,346
347,Tow required,No,https://cdn.example.com/docs/fnol_347.pdf,,+6580007347,347
348,Third party involved,Yes,https://cdn.example.com/docs/fnol_348.pdf,,+6580007348,348
349,Third party involved,Yes,https://cdn.example.com/docs/fnol_349.pdf,,+6580007349,349
350,Driver uninjured,No,https://cdn.example.com/docs/fnol_350.pdf,,+6580007350,350
351,Police report filed,Yes,https://cdn.example.com/docs/fnol_351.pdf,,,351
352,Third party involved,Yes,https://cdn.example.com/docs/fnol_352.pdf,Sara Wong,,352
353,Police report filed,No,https://cdn.example.com/docs/fnol_353.pdf,Wei Miller,,353
354,Police report filed,Yes,https://cdn.example.com/docs/fnol_354.pdf,Kai Anderson,+6580007354,354
355,Driver uninjured,No,https://cdn.example.com/docs/fnol_355.pdf,Avery Kumar,,355
356,Tow required,No,https://cdn.example.com/docs/fnol_356.pdf,Suresh Wong,+6580007356,356
357,Police report filed,No,https://cdn.example.com/docs/fnol_357.pdf,,+6580007357,357
358,Dashcam footage available,Yes,https://cdn.example.com/docs/fnol_358.pdf,,,358
359,Tow required,Yes,https://cdn.example.com/docs/fnol_359.pdf,Kai Patel,+6580007359,359
360,Third party involved,No,https://cdn.example.com/docs/fnol_360.pdf,Aarav Lee,,360
361,Third party involved,Yes,https://cdn.example.com/docs/fnol_361.pdf,,+6580007361,361
362,Third party involved,No,https://cdn.example.com/docs/fnol_362.pdf,,+6580007362,362
363,Dashcam footage available,No,https://cdn.example.com/docs/fnol_363.pdf,,+6580007363,363
364,Police report filed,No,https://cdn.example.com/docs/fnol_364.pdf,Kai Wong,+6580007364,364
365,Driver uninjured,No,https://cdn.example.com/docs/fnol_365.pdf,Rohan Wong,,365
366,Tow required,Yes,https://cdn.example.com/docs/fnol_366.pdf,,,366
367,Driver uninjured,No,https://cdn.example.com/docs/fnol_367.pdf,,+6580007367,367
368,Tow required,Yes,https://cdn.example.com/docs/fnol_368.pdf,Neha Kumar,,368
369,Tow required,No,https://cdn.example.com/docs/fnol_369.pdf,,+6580007369,369
370,Driver uninjured,No,https://cdn.example.com/docs/fnol_370.pdf,Anita Thomas,+6580007370,370
371,Third party involved,Yes,https://cdn.example.com/docs/fnol_371.pdf,Noah Thomas,+6580007371,371
372,Tow required,Yes,https://cdn.example.com/docs/fnol_372.pdf,,,372
373,Police report filed,Yes,https://cdn.example.com/docs/fnol_373.pdf,Suresh Brown,+6580007373,373
374,Driver uninjured,No,https://cdn.example.com/docs/fnol_374.pdf,Noah Lim,,374
375,Third party involved,No,https://cdn.example.com/docs/fnol_375.pdf,Haru Johnson,,375
376,Dashcam footage available,No,https://cdn.example.com/docs/fnol_376.pdf,Nina Davis,+6580007376,376
377,Third party involved,Yes,https://cdn.example.com/docs/fnol_377.pdf,,,377
378,Driver uninjured,No,https://cdn.example.com/docs/fnol_378.pdf,,+6580007378,378
379,Third party involved,No,https://cdn.example.com/docs/fnol_379.pdf,,,379
380,Tow required,Yes,https://cdn.example.com/docs/fnol_380.pdf,,+6580007380,380
381,Third party involved,No,https://cdn.example.com/docs/fnol_381.pdf,,,381
382,Driver uninjured,Yes,https://cdn.example.com/docs/fnol_382.pdf,,+6580007382,382
383,Police report filed,No,https://cdn.example.com/docs/fnol_383.pdf,Taylor Lee,+6580007383,383
384,Police report filed,No,https://cdn.example.com/docs/fnol_384.pdf,Jordan Patel,+6580007384,384
385,Tow required,Yes,https://cdn.example.com/docs/fnol_385.pdf,,+6580007385,385
386,Tow required,Yes,https://cdn.example.com/docs/fnol_386.pdf,,,386
387,Police report filed,Yes,https://cdn.example.com/docs/fnol_387.pdf,Aarav Ng,,387
388,Police report filed,Yes,https://cdn.example.com/docs/fnol_388.pdf,,+6580007388,388
389,Dashcam footage available,No,https://cdn.example.com/docs/fnol_389.pdf,,,389
390,Third party involved,No,https://cdn.example.com/docs/fnol_390.pdf,Rahul Johnson,,390
391,Driver uninjured,No,https://cdn.example.com/docs/fnol_391.pdf,,,391
392,Third party involved,Yes,https://cdn.example.com/docs/fnol_392.pdf,,+6580007392,392
393,Driver uninjured,No,https://cdn.example.com/docs/fnol_393.pdf,,,393
394,Dashcam footage available,Yes,https://cdn.example.com/docs/fnol_394.pdf,,+6580007394,394
395,Dashcam footage available,No,https://cdn.example.com/docs/fnol_395.pdf,,,395
396,Third party involved,Yes,https://cdn.example.com/docs/fnol_396.pdf,Kai Miller,+6580007396,396
397,Third party involved,Yes,https://cdn.example.com/docs/fnol_397.pdf,Neha Davis,,397
398,Police report filed,No,https://cdn.example.com/docs/fnol_398.pdf,,,398
399,Driver uninjured,No,https://cdn.example.com/docs/fnol_399.pdf,,+6580007399,399
400,Tow required,Yes,https://cdn.example.com/docs/fnol_400.pdf,,,400
401,Tow required,Yes,https://cdn.example.com/docs/fnol_401.pdf,Kai Miller,,401
402,Third party involved,No,https://cdn.example.com/docs/fnol_402.pdf,,+6580007402,402
403,Third party involved,Yes,https://cdn.example.com/docs/fnol_403.pdf,Riley Davis,,403
404,Police report filed,Yes,https://cdn.example.com/docs/fnol_404.pdf,,+6580007404,404
405,Police report filed,Yes,https://cdn.example.com/docs/fnol_405.pdf,,,405
406,Tow required,No,https://cdn.example.com/docs/fnol_406.pdf,,+6580007406,406
407,Third party involved,Yes,https://cdn.example.com/docs/fnol_407.pdf,,,407
408,Tow required,Yes,https://cdn.example.com/docs/fnol_408.pdf,,+6580007408,408
409,Tow required,Yes,https://cdn.example.com/docs/fnol_409.pdf,,,409
410,Dashcam footage available,Yes,https://cdn.example.com/docs/fnol_410.pdf,Kris Lim,+6580007410,410
411,Driver uninjured,Yes,https://cdn.example.com/docs/fnol_411.pdf,,,411
412,Driver uninjured,No,https://cdn.example.com/docs/fnol_412.pdf,Morgan Wong,,412
413,Driver uninjured,No,https://cdn.example.com/docs/fnol_413.pdf,,,413
414,Driver uninjured,No,https://cdn.example.com/docs/fnol_414.pdf,Jordan Lim,+6580007414,414
415,Dashcam footage available,Yes,https://cdn.example.com/docs/fnol_415.pdf,,+6580007415,415
416,Police report filed,Yes,https://cdn.example.com/docs/fnol_416.pdf,,+6580007416,416
417,Dashcam footage available,Yes,https://cdn.example.com/docs/fnol_417.pdf,Neha Anderson,+6580007417,417
418,Driver uninjured,Yes,https://cdn.example.com/docs/fnol_418.pdf,Priya Tan,+6580007418,418
419,Police report filed,Yes,https://cdn.example.com/docs/fnol_419.pdf,,+6580007419,419
420,Driver uninjured,No,https://cdn.example.com/docs/fnol_420.pdf,,+6580007420,420
421,Tow required,No,https://cdn.example.com/docs/fnol_421.pdf,Jordan Sharma,,421
422,Tow required,Yes,https://cdn.example.com/docs/fnol_422.pdf,,,422
423,Dashcam footage available,No,https://cdn.example.com/docs/fnol_423.pdf,Kai Smith,+6580007423,423
424,Third party involved,Yes,https://cdn.example.com/docs/fnol_424.pdf,Nina Kumar,,424
425,Police report filed,No,https://cdn.example.com/docs/fnol_425.pdf,,,425
426,Tow required,Yes,https://cdn.example.com/docs/fnol_426.pdf,Noah Patel,,426
427,Driver uninjured,No,https://cdn.example.com/docs/fnol_427.pdf,,+6580007427,427
428,Dashcam footage available,Yes,https://cdn.example.com/docs/fnol_428.pdf,Jordan Patel,,428
429,Tow required,No,https://cdn.example.com/docs/fnol_429.pdf,,+6580007429,429
430,Dashcam footage available,Yes,https://cdn.example.com/docs/fnol_430.pdf,Priya Thomas,,430
431,Police report filed,Yes,https://cdn.example.com/docs/fnol_431.pdf,Priya Gupta,,431
432,Police report filed,Yes,https://cdn.example.com/docs/fnol_432.pdf,,,432
433,Third party involved,Yes,https://cdn.example.com/docs/fnol_433.pdf,Haru Kumar,+6580007433,433
434,Third party involved,No,https://cdn.example.com/docs/fnol_434.pdf,,+6580007434,434
435,Dashcam footage available,No,https://cdn.example.com/docs/fnol_435.pdf,,+6580007435,435
436,Tow required,No,https://cdn.example.com/docs/fnol_436.pdf,,,436
437,Tow required,Yes,https://cdn.example.com/docs/fnol_437.pdf,Riley Kumar,+6580007437,437
438,Police report filed,Yes,https://cdn.example.com/docs/fnol_438.pdf,Nina Lee,,438
439,Tow required,Yes,https://cdn.example.com/docs/fnol_439.pdf,Kai Lee,,439
440,Driver uninjured,Yes,https://cdn.example.com/docs/fnol_440.pdf,Anita Lee,,440
441,Driver uninjured,Yes,https://cdn.example.com/docs/fnol_441.pdf,Suresh Johnson,+6580007441,441
442,Driver uninjured,Yes,https://cdn.example.com/docs/fnol_442.pdf,,+6580007442,442
443,Driver uninjured,No,https://cdn.example.com/docs/fnol_443.pdf,Anita Lim,+6580007443,443
444,Tow required,No,https://cdn.example.com/docs/fnol_444.pdf,,+6580007444,444
445,Police report filed,Yes,https://cdn.example.com/docs/fnol_445.pdf,,,445
446,Police report filed,No,https://cdn.example.com/docs/fnol_446.pdf,,+6580007446,446
447,Tow required,No,https://cdn.example.com/docs/fnol_447.pdf,Alex Sharma,+6580007447,447
448,Third party involved,Yes,https://cdn.example.com/docs/fnol_448.pdf,Suresh Johnson,+6580007448,448
449,Third party involved,Yes,https://cdn.example.com/docs/fnol_449.pdf,,,449
450,Driver uninjured,Yes,https://cdn.example.com/docs/fnol_450.pdf,,+6580007450,450
451,Driver uninjured,Yes,https://cdn.example.com/docs/fnol_451.pdf,,,451
452,Third party involved,No,https://cdn.example.com/docs/fnol_452.pdf,,+6580007452,452
453,Dashcam footage available,Yes,https://cdn.example.com/docs/fnol_453.pdf,Alex Anderson,,453
454,Police report filed,No,https://cdn.example.com/docs/fnol_454.pdf,,+6580007454,454
455,Driver uninjured,No,https://cdn.example.com/docs/fnol_455.pdf,,,455
456,Police report filed,No,https://cdn.example.com/docs/fnol_456.pdf,Noah Ng,,456
457,Police report filed,No,https://cdn.example.com/docs/fnol_457.pdf,,,457
458,Driver uninjured,No,https://cdn.example.com/docs/fnol_458.pdf,Priya Gupta,,458
459,Dashcam footage available,Yes,https://cdn.example.com/docs/fnol_459.pdf,Morgan Chen,,459
460,Tow required,No,https://cdn.example.com/docs/fnol_460.pdf,Emma Johnson,+6580007460,460
461,Third party involved,No,https://cdn.example.com/docs/fnol_461.pdf,,+6580007461,461
462,Third party involved,No,https://cdn.example.com/docs/fnol_462.pdf,,,462
463,Driver uninjured,Yes,https://cdn.example.com/docs/fnol_463.pdf,Kai Gupta,,463
464,Police report filed,No,https://cdn.example.com/docs/fnol_464.pdf,Avery Smith,,464
465,Dashcam footage available,No,https://cdn.example.com/docs/fnol_465.pdf,,+6580007465,465
466,Police report filed,Yes,https://cdn.example.com/docs/fnol_466.pdf,Kai Tan,,466
467,Driver uninjured,Yes,https://cdn.example.com/docs/fnol_467.pdf,Priya Smith,+6580007467,467
468,Driver uninjured,No,https://cdn.example.com/docs/fnol_468.pdf,Haru Tan,,468
469,Tow required,Yes,https://cdn.example.com/docs/fnol_469.pdf,,,469
470,Driver uninjured,Yes,https://cdn.example.com/docs/fnol_470.pdf,,+6580007470,470
471,Tow required,No,https://cdn.example.com/docs/fnol_471.pdf,Anita Patel,+6580007471,471
472,Third party involved,Yes,https://cdn.example.com/docs/fnol_472.pdf,,+6580007472,472
473,Police report filed,Yes,https://cdn.example.com/docs/fnol_473.pdf,,+6580007473,473
474,Dashcam footage available,No,https://cdn.example.com/docs/fnol_474.pdf,,+6580007474,474
475,Dashcam footage available,Yes,https://cdn.example.com/docs/fnol_475.pdf,Emma Lee,+6580007475,475
476,Driver uninjured,No,https://cdn.example.com/docs/fnol_476.pdf,Arun Sharma,+6580007476,476
477,Third party involved,Yes,https://cdn.example.com/docs/fnol_477.pdf,Emma Gupta,+6580007477,477
478,Dashcam footage available,No,https://cdn.example.com/docs/fnol_478.pdf,,,478
479,Police report filed,Yes,https://cdn.example.com/docs/fnol_479.pdf,Jamie Wilson,+6580007479,479
480,Dashcam footage available,Yes,https://cdn.example.com/docs/fnol_480.pdf,Anita Miller,,480
481,Third party involved,Yes,https://cdn.example.com/docs/fnol_481.pdf,,+6580007481,481
482,Dashcam footage available,Yes,https://cdn.example.com/docs/fnol_482.pdf,Neha Wilson,+6580007482,482
483,Driver uninjured,Yes,https://cdn.example.com/docs/fnol_483.pdf,Avery Ng,+6580007483,483
484,Tow required,No,https://cdn.example.com/docs/fnol_484.pdf,Rohan Johnson,+6580007484,484
485,Tow required,No,https://cdn.example.com/docs/fnol_485.pdf,,+6580007485,485
486,Police report filed,Yes,https://cdn.example.com/docs/fnol_486.pdf,,+6580007486,486
487,Driver uninjured,No,https://cdn.example.com/docs/fnol_487.pdf,,,487
488,Police report filed,No,https://cdn.example.com/docs/fnol_488.pdf,,+6580007488,488
489,Third party involved,Yes,https://cdn.example.com/docs/fnol_489.pdf,,,489
490,Third party involved,Yes,https://cdn.example.com/docs/fnol_490.pdf,,+6580007490,490
491,Third party involved,No,https://cdn.example.com/docs/fnol_491.pdf,,,491
492,Third party involved,Yes,https://cdn.example.com/docs/fnol_492.pdf,,+6580007492,492
493,Driver uninjured,No,https://cdn.example.com/docs/fnol_493.pdf,Kai Tan,,493
494,Third party involved,Yes,https://cdn.example.com/docs/fnol_494.pdf,Noah Johnson,+6580007494,494
495,Third party involved,No,https://cdn.example.com/docs/fnol_495.pdf,,,495
496,Third party involved,No,https://cdn.example.com/docs/fnol_496.pdf,Liam Smith,+6580007496,496
497,Tow required,No,https://cdn.example.com/docs/fnol_497.pdf,,+6580007497,497
498,Police report filed,No,https://cdn.example.com/docs/fnol_498.pdf,,,498
499,Police report filed,No,https://cdn.example.com/docs/fnol_499.pdf,Aarav Tan,+6580007499,499
500,Tow required,No,https://cdn.example.com/docs/fnol_500.pdf,,+6580007500,500
