id,coverage_type,policy_number,insured_id,vehicle_id,end_date,lob,policy_status,policy_type,start_date
1,TPL,POL-2021-000001,1,1,2025-07-10,AUTO,QUOTED,Private Car,2024-07-10
2,Third-Party Fire/Theft,POL-2022-000002,2,2,2022-05-28,AUTO,IN_FORCE,Private Car,2021-05-29
3,Comprehensive,POL-2023-000003,3,3,2025-10-26,AUTO,IN_FORCE,Private Car,2024-10-26
4,Third-Party Fire/Theft,POL-2024-000004,4,4,2023-10-26,AUTO,PAYMENT_DUE,Private Car,2022-10-26
5,Third-Party Fire/Theft,POL-2025-000005,5,5,2021-07-08,AUTO,QUOTED,Commercial Vehicle,2020-07-08
6,Third-Party Fire/Theft,POL-2020-000006,6,6,2022-12-08,AUTO,BIND,Commercial Vehicle,2021-12-08
7,Comprehensive,POL-2021-000007,7,7,2025-05-13,AUTO,PAYMENT_DUE,Private Car,2024-05-13
8,Third-Party Fire/Theft,POL-2022-000008,8,8,2021-09-18,AUTO,EXPIRED,Private Car,2020-09-18
9,Comprehensive,POL-2023-000009,9,9,2021-08-04,AUTO,BIND,Commercial Vehicle,2020-08-04
10,Third-Party Fire/Theft,POL-2024-000010,10,10,2022-07-20,AUTO,EXPIRED,Commercial Vehicle,2021-07-20
11,Comprehensive,POL-2025-000011,11,11,2024-12-10,AUTO,IN_FORCE,Private Car,2023-12-10
12,Comprehensive,POL-2020-000012,12,12,2023-11-27,AUTO,EXPIRED,Commercial Vehicle,2022-11-27
13,Comprehensive,POL-2021-000013,13,13,2024-04-23,AUTO,IN_FORCE,Commercial Vehicle,2023-04-23
14,Comprehensive,POL-2022-000014,14,14,2022-02-11,AUTO,QUOTED,Private Car,2021-02-11
15,Comprehensive,POL-2023-000015,15,15,2024-07-25,AUTO,BIND,Commercial Vehicle,2023-07-25
16,Third-Party Fire/Theft,POL-2024-000016,16,16,2021-09-16,AUTO,QUOTED,Private Car,2020-09-16
17,Third-Party Fire/Theft,POL-2025-000017,17,17,2025-11-12,AUTO,IN_FORCE,Commercial Vehicle,2024-11-12
18,Third-Party Fire/Theft,POL-2020-000018,18,18,2023-09-23,AUTO,BIND,Private Car,2022-09-23
19,Third-Party Fire/Theft,POL-2021-000019,19,19,2023-08-08,AUTO,EXPIRED,Commercial Vehicle,2022-08-08
20,Third-Party Fire/Theft,POL-2022-000020,20,20,2021-09-21,AUTO,IN_FORCE,Commercial Vehicle,2020-09-21
21,TPL,POL-2023-000021,21,21,2023-11-17,AUTO,QUOTED,Private Car,2022-11-17
22,Comprehensive,POL-2024-000022,22,22,2023-02-03,AUTO,IN_FORCE,Commercial Vehicle,2022-02-03
23,Comprehensive,POL-2025-000023,23,23,2024-06-13,AUTO,BIND,Private Car,2023-06-13
24,TPL,POL-2020-000024,24,24,2024-06-07,AUTO,IN_FORCE,Commercial Vehicle,2023-06-07
25,TPL,POL-2021-000025,25,25,2024-05-27,AUTO,BIND,Commercial Vehicle,2023-05-27
26,Comprehensive,POL-2022-000026,26,26,2025-06-15,AUTO,EXPIRED,Commercial Vehicle,2024-06-15
27,TPL,POL-2023-000027,27,27,2022-10-04,AUTO,QUOTED,Commercial Vehicle,2021-10-04
28,Third-Party Fire/Theft,POL-2024-000028,28,28,2025-02-21,AUTO,IN_FORCE,Private Car,2024-02-21
29,Third-Party Fire/Theft,POL-2025-000029,29,29,2023-01-22,AUTO,PAYMENT_DUE,Private Car,2022-01-22
30,TPL,POL-2020-000030,30,30,2021-08-28,AUTO,EXPIRED,Commercial Vehicle,2020-08-30
31,Comprehensive,POL-2021-000031,31,31,2025-07-08,AUTO,IN_FORCE,Commercial Vehicle,2024-07-08
32,TPL,POL-2022-000032,32,32,2021-12-12,AUTO,EXPIRED,Commercial Vehicle,2020-12-12
33,Comprehensive,POL-2023-000033,33,33,2023-08-28,AUTO,IN_FORCE,Private Car,2022-08-31
34,Third-Party Fire/Theft,POL-2024-000034,34,34,2024-02-14,AUTO,EXPIRED,Commercial Vehicle,2023-02-14
35,Third-Party Fire/Theft,POL-2025-000035,35,35,2021-02-25,AUTO,QUOTED,Private Car,2020-02-25
36,TPL,POL-2020-000036,36,36,2022-10-15,AUTO,BIND,Private Car,2021-10-15
37,TPL,POL-2021-000037,37,37,2024-02-10,AUTO,QUOTED,Commercial Vehicle,2023-02-10
38,Third-Party Fire/Theft,POL-2022-000038,38,38,2022-08-15,AUTO,BIND,Private Car,2021-08-15
39,Comprehensive,POL-2023-000039,39,39,2025-11-25,AUTO,IN_FORCE,Commercial Vehicle,2024-11-25
40,Third-Party Fire/Theft,POL-2024-000040,40,40,2022-08-06,AUTO,IN_FORCE,Commercial Vehicle,2021-08-06
41,TPL,POL-2025-000041,41,41,2021-09-01,AUTO,PAYMENT_DUE,Private Car,2020-09-01
42,Third-Party Fire/Theft,POL-2020-000042,42,42,2025-02-23,AUTO,PAYMENT_DUE,Commercial Vehicle,2024-02-23
43,TPL,POL-2021-000043,43,43,2025-10-11,AUTO,IN_FORCE,Private Car,2024-10-11
44,Comprehensive,POL-2022-000044,44,44,2021-10-08,AUTO,PAYMENT_DUE,Private Car,2020-10-08
45,Comprehensive,POL-2023-000045,45,45,2025-10-28,AUTO,IN_FORCE,Commercial Vehicle,2024-10-28
46,TPL,POL-2024-000046,46,46,2021-08-02,AUTO,BIND,Private Car,2020-08-02
47,Third-Party Fire/Theft,POL-2025-000047,47,47,2025-08-03,AUTO,QUOTED,Commercial Vehicle,2024-08-03
48,TPL,POL-2020-000048,48,48,2025-11-14,AUTO,PAYMENT_DUE,Commercial Vehicle,2024-11-14
49,TPL,POL-2021-000049,49,49,2024-05-16,AUTO,PAYMENT_DUE,Commercial Vehicle,2023-05-16
50,Comprehensive,POL-2022-000050,50,50,2023-05-11,AUTO,BIND,Commercial Vehicle,2022-05-11
51,Comprehensive,POL-2023-000051,51,51,2022-09-02,AUTO,QUOTED,Commercial Vehicle,2021-09-02
52,Third-Party Fire/Theft,POL-2024-000052,52,52,2025-09-06,AUTO,QUOTED,Private Car,2024-09-06
53,Third-Party Fire/Theft,POL-2025-000053,53,53,2023-12-07,AUTO,EXPIRED,Private Car,2022-12-07
54,TPL,POL-2020-000054,54,54,2023-10-05,AUTO,QUOTED,Private Car,2022-10-05
55,Comprehensive,POL-2021-000055,55,55,2022-08-08,AUTO,IN_FORCE,Private Car,2021-08-08
56,TPL,POL-2022-000056,56,56,2023-12-12,AUTO,PAYMENT_DUE,Private Car,2022-12-12
57,Third-Party Fire/Theft,POL-2023-000057,57,57,2023-07-12,AUTO,QUOTED,Commercial Vehicle,2022-07-12
58,Comprehensive,POL-2024-000058,58,58,2021-07-23,AUTO,EXPIRED,Private Car,2020-07-23
59,Third-Party Fire/Theft,POL-2025-000059,59,59,2025-03-28,AUTO,PAYMENT_DUE,Commercial Vehicle,2024-03-30
60,TPL,POL-2020-000060,60,60,2024-04-28,AUTO,PAYMENT_DUE,Private Car,2023-04-28
61,Comprehensive,POL-2021-000061,61,61,2023-04-16,AUTO,PAYMENT_DUE,Private Car,2022-04-16
62,Comprehensive,POL-2022-000062,62,62,2024-08-04,AUTO,QUOTED,Private Car,2023-08-04
63,Comprehensive,POL-2023-000063,63,63,2022-05-23,AUTO,IN_FORCE,Commercial Vehicle,2021-05-23
64,Comprehensive,POL-2024-000064,64,64,2022-01-11,AUTO,QUOTED,Private Car,2021-01-11
65,Comprehensive,POL-2025-000065,65,65,2021-11-27,AUTO,PAYMENT_DUE,Commercial Vehicle,2020-11-27
66,Comprehensive,POL-2020-000066,66,66,2021-11-14,AUTO,IN_FORCE,Private Car,2020-11-14
67,TPL,POL-2021-000067,67,67,2022-11-07,AUTO,PAYMENT_DUE,Private Car,2021-11-07
68,Third-Party Fire/Theft,POL-2022-000068,68,68,2021-02-13,AUTO,QUOTED,Commercial Vehicle,2020-02-13
69,Third-Party Fire/Theft,POL-2023-000069,69,69,2023-01-09,AUTO,QUOTED,Commercial Vehicle,2022-01-09
70,TPL,POL-2024-000070,70,70,2021-11-12,AUTO,IN_FORCE,Commercial Vehicle,2020-11-12
71,Third-Party Fire/Theft,POL-2025-000071,71,71,2023-09-11,AUTO,PAYMENT_DUE,Commercial Vehicle,2022-09-11
72,Comprehensive,POL-2020-000072,72,72,2021-05-16,AUTO,BIND,Commercial Vehicle,2020-05-16
73,Third-Party Fire/Theft,POL-2021-000073,73,73,2024-09-05,AUTO,PAYMENT_DUE,Commercial Vehicle,2023-09-05
74,TPL,POL-2022-000074,74,74,2023-12-02,AUTO,QUOTED,Commercial Vehicle,2022-12-02
75,Comprehensive,POL-2023-000075,75,75,2021-01-26,AUTO,QUOTED,Commercial Vehicle,2020-01-26
76,Third-Party Fire/Theft,POL-2024-000076,76,76,2025-06-02,AUTO,BIND,Commercial Vehicle,2024-06-02
77,TPL,POL-2025-000077,77,77,2021-05-15,AUTO,BIND,Private Car,2020-05-15
78,TPL,POL-2020-000078,78,78,2024-10-06,AUTO,BIND,Private Car,2023-10-06
79,Third-Party Fire/Theft,POL-2021-000079,79,79,2021-09-17,AUTO,IN_FORCE,Commercial Vehicle,2020-09-17
80,Comprehensive,POL-2022-000080,80,80,2021-05-07,AUTO,EXPIRED,Private Car,2020-05-07
81,Comprehensive,POL-2023-000081,81,81,2025-10-25,AUTO,QUOTED,Private Car,2024-10-25
82,TPL,POL-2024-000082,82,82,2021-04-17,AUTO,QUOTED,Commercial Vehicle,2020-04-17
83,Comprehensive,POL-2025-000083,83,83,2024-08-01,AUTO,BIND,Commercial Vehicle,2023-08-01
84,TPL,POL-2020-000084,84,84,2024-08-19,AUTO,PAYMENT_DUE,Private Car,2023-08-19
85,TPL,POL-2021-000085,85,85,2024-01-22,AUTO,BIND,Private Car,2023-01-22
86,Comprehensive,POL-2022-000086,86,86,2022-03-05,AUTO,BIND,Commercial Vehicle,2021-03-05
87,Comprehensive,POL-2023-000087,87,87,2025-09-10,AUTO,BIND,Private Car,2024-09-10
88,Comprehensive,POL-2024-000088,88,88,2023-01-18,AUTO,PAYMENT_DUE,Private Car,2022-01-18
89,Third-Party Fire/Theft,POL-2025-000089,89,89,2025-09-20,AUTO,QUOTED,Commercial Vehicle,2024-09-20
90,TPL,POL-2020-000090,90,90,2025-09-18,AUTO,QUOTED,Commercial Vehicle,2024-09-18
91,TPL,POL-2021-000091,91,91,2022-04-04,AUTO,IN_FORCE,Private Car,2021-04-04
92,TPL,POL-2022-000092,92,92,2021-07-28,AUTO,PAYMENT_DUE,Private Car,2020-07-28
93,Third-Party Fire/Theft,POL-2023-000093,93,93,2025-08-05,AUTO,IN_FORCE,Private Car,2024-08-05
94,TPL,POL-2024-000094,94,94,2021-09-08,AUTO,QUOTED,Commercial Vehicle,2020-09-08
95,Comprehensive,POL-2025-000095,95,95,2024-10-14,AUTO,EXPIRED,Commercial Vehicle,2023-10-14
96,Comprehensive,POL-2020-000096,96,96,2022-08-11,AUTO,IN_FORCE,Commercial Vehicle,2021-08-11
97,Comprehensive,POL-2021-000097,97,97,2023-08-08,AUTO,EXPIRED,Commercial Vehicle,2022-08-08
98,Third-Party Fire/Theft,POL-2022-000098,98,98,2022-06-02,AUTO,QUOTED,Commercial Vehicle,2021-06-02
99,TPL,POL-2023-000099,99,99,2022-04-04,AUTO,IN_FORCE,Private Car,2021-04-04
100,Comprehensive,POL-2024-000100,100,100,2023-02-19,AUTO,QUOTED,Commercial Vehicle,2022-02-19
101,TPL,POL-2025-000101,101,101,2024-10-18,AUTO,BIND,Private Car,2023-10-18
102,TPL,POL-2020-000102,102,102,2024-06-11,AUTO,QUOTED,Commercial Vehicle,2023-06-11
103,Third-Party Fire/Theft,POL-2021-000103,103,103,2023-01-08,AUTO,QUOTED,Commercial Vehicle,2022-01-08
104,TPL,POL-2022-000104,104,104,2023-06-16,AUTO,EXPIRED,Private Car,2022-06-16
105,TPL,POL-2023-000105,105,105,2023-01-10,AUTO,BIND,Commercial Vehicle,2022-01-10
106,Comprehensive,POL-2024-000106,106,106,2024-11-28,AUTO,QUOTED,Private Car,2023-11-29
107,Comprehensive,POL-2025-000107,107,107,2025-05-14,AUTO,BIND,Commercial Vehicle,2024-05-14
108,Comprehensive,POL-2020-000108,108,108,2023-04-18,AUTO,PAYMENT_DUE,Commercial Vehicle,2022-04-18
109,TPL,POL-2021-000109,109,109,2024-04-15,AUTO,QUOTED,Commercial Vehicle,2023-04-15
110,Third-Party Fire/Theft,POL-2022-000110,110,110,2021-02-02,AUTO,PAYMENT_DUE,Private Car,2020-02-02
111,Third-Party Fire/Theft,POL-2023-000111,111,111,2024-08-05,AUTO,IN_FORCE,Commercial Vehicle,2023-08-05
112,TPL,POL-2024-000112,112,112,2023-04-02,AUTO,EXPIRED,Commercial Vehicle,2022-04-02
113,TPL,POL-2025-000113,113,113,2021-11-28,AUTO,QUOTED,Private Car,2020-11-28
114,Third-Party Fire/Theft,POL-2020-000114,114,114,2021-04-04,AUTO,EXPIRED,Private Car,2020-04-04
115,Comprehensive,POL-2021-000115,115,115,2021-06-17,AUTO,EXPIRED,Private Car,2020-06-17
116,Comprehensive,POL-2022-000116,116,116,2021-11-10,AUTO,EXPIRED,Commercial Vehicle,2020-11-10
117,Third-Party Fire/Theft,POL-2023-000117,117,117,2022-08-12,AUTO,QUOTED,Commercial Vehicle,2021-08-12
118,TPL,POL-2024-000118,118,118,2021-12-10,AUTO,IN_FORCE,Commercial Vehicle,2020-12-10
119,Comprehensive,POL-2025-000119,119,119,2021-12-17,AUTO,IN_FORCE,Commercial Vehicle,2020-12-17
120,Third-Party Fire/Theft,POL-2020-000120,120,120,2021-04-16,AUTO,PAYMENT_DUE,Private Car,2020-04-16
121,Comprehensive,POL-2021-000121,121,121,2021-05-25,AUTO,IN_FORCE,Private Car,2020-05-25
122,TPL,POL-2022-000122,122,122,2023-09-23,AUTO,EXPIRED,Private Car,2022-09-23
123,Comprehensive,POL-2023-000123,123,123,2024-07-21,AUTO,IN_FORCE,Commercial Vehicle,2023-07-21
124,Comprehensive,POL-2024-000124,124,124,2021-09-17,AUTO,QUOTED,Private Car,2020-09-17
125,TPL,POL-2025-000125,125,125,2022-08-19,AUTO,PAYMENT_DUE,Private Car,2021-08-19
126,Third-Party Fire/Theft,POL-2020-000126,126,126,2024-01-08,AUTO,IN_FORCE,Private Car,2023-01-08
127,Comprehensive,POL-2021-000127,127,127,2025-01-03,AUTO,EXPIRED,Private Car,2024-01-03
128,Comprehensive,POL-2022-000128,128,128,2023-10-25,AUTO,BIND,Commercial Vehicle,2022-10-25
129,TPL,POL-2023-000129,129,129,2025-08-18,AUTO,QUOTED,Commercial Vehicle,2024-08-18
130,Third-Party Fire/Theft,POL-2024-000130,130,130,2025-04-20,AUTO,PAYMENT_DUE,Private Car,2024-04-20
131,TPL,POL-2025-000131,131,131,2024-05-27,AUTO,QUOTED,Private Car,2023-05-27
132,Third-Party Fire/Theft,POL-2020-000132,132,132,2023-02-25,AUTO,QUOTED,Commercial Vehicle,2022-02-25
133,Comprehensive,POL-2021-000133,133,133,2021-07-10,AUTO,PAYMENT_DUE,Commercial Vehicle,2020-07-10
134,Comprehensive,POL-2022-000134,134,134,2022-04-09,AUTO,QUOTED,Private Car,2021-04-09
135,TPL,POL-2023-000135,135,135,2023-02-26,AUTO,EXPIRED,Commercial Vehicle,2022-02-26
136,Comprehensive,POL-2024-000136,136,136,2024-10-24,AUTO,EXPIRED,Commercial Vehicle,2023-10-24
137,Third-Party Fire/Theft,POL-2025-000137,137,137,2021-07-25,AUTO,PAYMENT_DUE,Private Car,2020-07-25
138,Third-Party Fire/Theft,POL-2020-000138,138,138,2021-06-19,AUTO,QUOTED,Commercial Vehicle,2020-06-19
139,TPL,POL-2021-000139,139,139,2022-01-11,AUTO,IN_FORCE,Commercial Vehicle,2021-01-11
140,TPL,POL-2022-000140,140,140,2024-05-03,AUTO,EXPIRED,Commercial Vehicle,2023-05-03
141,TPL,POL-2023-000141,141,141,2023-05-28,AUTO,QUOTED,Private Car,2022-05-28
142,Comprehensive,POL-2024-000142,142,142,2025-12-27,AUTO,QUOTED,Private Car,2024-12-27
143,TPL,POL-2025-000143,143,143,2023-07-09,AUTO,IN_FORCE,Commercial Vehicle,2022-07-09
144,TPL,POL-2020-000144,144,144,2024-08-13,AUTO,IN_FORCE,Commercial Vehicle,2023-08-13
145,TPL,POL-2021-000145,145,145,2025-09-07,AUTO,PAYMENT_DUE,Private Car,2024-09-07
146,Comprehensive,POL-2022-000146,146,146,2024-05-28,AUTO,EXPIRED,Commercial Vehicle,2023-05-29
147,Comprehensive,POL-2023-000147,147,147,2023-07-15,AUTO,BIND,Commercial Vehicle,2022-07-15
148,Comprehensive,POL-2024-000148,148,148,2023-09-27,AUTO,IN_FORCE,Commercial Vehicle,2022-09-27
149,Comprehensive,POL-2025-000149,149,149,2021-04-19,AUTO,PAYMENT_DUE,Commercial Vehicle,2020-04-19
150,Third-Party Fire/Theft,POL-2020-000150,150,150,2022-08-15,AUTO,IN_FORCE,Commercial Vehicle,2021-08-15
151,TPL,POL-2021-000151,151,151,2021-08-03,AUTO,QUOTED,Commercial Vehicle,2020-08-03
152,TPL,POL-2022-000152,152,152,2022-08-12,AUTO,EXPIRED,Private Car,2021-08-12
153,Comprehensive,POL-2023-000153,153,153,2022-04-10,AUTO,EXPIRED,Private Car,2021-04-10
154,Comprehensive,POL-2024-000154,154,154,2023-02-25,AUTO,IN_FORCE,Commercial Vehicle,2022-02-25
155,TPL,POL-2025-000155,155,155,2022-10-05,AUTO,QUOTED,Private Car,2021-10-05
156,Third-Party Fire/Theft,POL-2020-000156,156,156,2025-04-10,AUTO,IN_FORCE,Private Car,2024-04-10
157,Third-Party Fire/Theft,POL-2021-000157,157,157,2023-11-20,AUTO,QUOTED,Commercial Vehicle,2022-11-20
158,Third-Party Fire/Theft,POL-2022-000158,158,158,2025-09-13,AUTO,PAYMENT_DUE,Private Car,2024-09-13
159,Comprehensive,POL-2023-000159,159,159,2021-01-07,AUTO,IN_FORCE,Commercial Vehicle,2020-01-07
160,TPL,POL-2024-000160,160,160,2025-11-28,AUTO,EXPIRED,Private Car,2024-11-28
161,TPL,POL-2025-000161,161,161,2023-07-28,AUTO,IN_FORCE,Commercial Vehicle,2022-07-28
162,Third-Party Fire/Theft,POL-2020-000162,162,162,2021-11-27,AUTO,IN_FORCE,Private Car,2020-11-27
163,Third-Party Fire/Theft,POL-2021-000163,163,163,2022-06-05,AUTO,EXPIRED,Private Car,2021-06-05
164,Comprehensive,POL-2022-000164,164,164,2022-02-05,AUTO,BIND,Private Car,2021-02-05
165,TPL,POL-2023-000165,165,165,2023-04-18,AUTO,IN_FORCE,Commercial Vehicle,2022-04-18
166,Third-Party Fire/Theft,POL-2024-000166,166,166,2023-11-24,AUTO,PAYMENT_DUE,Commercial Vehicle,2022-11-24
167,TPL,POL-2025-000167,167,167,2023-06-13,AUTO,PAYMENT_DUE,Private Car,2022-06-13
168,Comprehensive,POL-2020-000168,168,168,2021-01-24,AUTO,QUOTED,Commercial Vehicle,2020-01-24
169,Comprehensive,POL-2021-000169,169,169,2024-03-11,AUTO,IN_FORCE,Private Car,2023-03-11
170,Comprehensive,POL-2022-000170,170,170,2022-11-28,AUTO,BIND,Commercial Vehicle,2021-11-28
171,Comprehensive,POL-2023-000171,171,171,2023-03-28,AUTO,IN_FORCE,Commercial Vehicle,2022-03-30
172,Third-Party Fire/Theft,POL-2024-000172,172,172,2021-09-04,AUTO,EXPIRED,Private Car,2020-09-04
173,Comprehensive,POL-2025-000173,173,173,2024-04-09,AUTO,PAYMENT_DUE,Private Car,2023-04-09
174,TPL,POL-2020-000174,174,174,2022-04-11,AUTO,EXPIRED,Commercial Vehicle,2021-04-11
175,Third-Party Fire/Theft,POL-2021-000175,175,175,2025-04-18,AUTO,QUOTED,Private Car,2024-04-18
176,Third-Party Fire/Theft,POL-2022-000176,176,176,2022-07-19,AUTO,BIND,Commercial Vehicle,2021-07-19
177,Third-Party Fire/Theft,POL-2023-000177,177,177,2023-08-17,AUTO,PAYMENT_DUE,Private Car,2022-08-17
178,Third-Party Fire/Theft,POL-2024-000178,178,178,2025-01-23,AUTO,IN_FORCE,Private Car,2024-01-23
179,TPL,POL-2025-000179,179,179,2022-10-19,AUTO,IN_FORCE,Commercial Vehicle,2021-10-19
180,Third-Party Fire/Theft,POL-2020-000180,180,180,2021-10-19,AUTO,IN_FORCE,Private Car,2020-10-19
181,Third-Party Fire/Theft,POL-2021-000181,181,181,2022-04-08,AUTO,PAYMENT_DUE,Commercial Vehicle,2021-04-08
182,Comprehensive,POL-2022-000182,182,182,2025-04-02,AUTO,PAYMENT_DUE,Private Car,2024-04-02
183,Third-Party Fire/Theft,POL-2023-000183,183,183,2025-08-03,AUTO,BIND,Commercial Vehicle,2024-08-03
184,Comprehensive,POL-2024-000184,184,184,2021-02-23,AUTO,PAYMENT_DUE,Private Car,2020-02-23
185,TPL,POL-2025-000185,185,185,2025-01-28,AUTO,EXPIRED,Commercial Vehicle,2024-01-30
186,Comprehensive,POL-2020-000186,186,186,2021-01-10,AUTO,QUOTED,Commercial Vehicle,2020-01-10
187,TPL,POL-2021-000187,187,187,2025-04-12,AUTO,BIND,Commercial Vehicle,2024-04-12
188,Third-Party Fire/Theft,POL-2022-000188,188,188,2024-12-25,AUTO,BIND,Private Car,2023-12-25
189,Comprehensive,POL-2023-000189,189,189,2023-03-12,AUTO,PAYMENT_DUE,Commercial Vehicle,2022-03-12
190,Comprehensive,POL-2024-000190,190,190,2025-07-07,AUTO,PAYMENT_DUE,Private Car,2024-07-07
191,TPL,POL-2025-000191,191,191,2024-10-16,AUTO,IN_FORCE,Private Car,2023-10-16
192,Third-Party Fire/Theft,POL-2020-000192,192,192,2022-12-27,AUTO,QUOTED,Private Car,2021-12-27
193,TPL,POL-2021-000193,193,193,2025-05-14,AUTO,IN_FORCE,Private Car,2024-05-14
194,TPL,POL-2022-000194,194,194,2021-05-06,AUTO,QUOTED,Commercial Vehicle,2020-05-06
195,Comprehensive,POL-2023-000195,195,195,2023-06-05,AUTO,PAYMENT_DUE,Commercial Vehicle,2022-06-05
196,TPL,POL-2024-000196,196,196,2023-08-28,AUTO,PAYMENT_DUE,Private Car,2022-08-28
197,Comprehensive,POL-2025-000197,197,197,2024-08-11,AUTO,BIND,Private Car,2023-08-11
198,TPL,POL-2020-000198,198,198,2023-11-08,AUTO,QUOTED,Private Car,2022-11-08
199,TPL,POL-2021-000199,199,199,2022-07-15,AUTO,BIND,Commercial Vehicle,2021-07-15
200,Comprehensive,POL-2022-000200,200,200,2022-08-09,AUTO,IN_FORCE,Commercial Vehicle,2021-08-09
201,Third-Party Fire/Theft,POL-2023-000201,201,201,2022-04-07,AUTO,QUOTED,Private Car,2021-04-07
202,Third-Party Fire/Theft,POL-2024-000202,202,202,2022-03-19,AUTO,QUOTED,Private Car,2021-03-19
203,TPL,POL-2025-000203,203,203,2025-11-28,AUTO,IN_FORCE,Private Car,2024-11-28
204,Third-Party Fire/Theft,POL-2020-000204,204,204,2024-08-16,AUTO,PAYMENT_DUE,Private Car,2023-08-16
205,TPL,POL-2021-000205,205,205,2024-07-28,AUTO,PAYMENT_DUE,Commercial Vehicle,2023-07-31
206,Third-Party Fire/Theft,POL-2022-000206,206,206,2021-02-17,AUTO,EXPIRED,Commercial Vehicle,2020-02-17
207,Comprehensive,POL-2023-000207,207,207,2025-12-02,AUTO,IN_FORCE,Private Car,2024-12-02
208,TPL,POL-2024-000208,208,208,2025-07-28,AUTO,EXPIRED,Private Car,2024-07-31
209,Comprehensive,POL-2025-000209,209,209,2022-10-06,AUTO,PAYMENT_DUE,Private Car,2021-10-06
210,Comprehensive,POL-2020-000210,210,210,2025-12-14,AUTO,QUOTED,Commercial Vehicle,2024-12-14
211,TPL,POL-2021-000211,211,211,2021-08-06,AUTO,EXPIRED,Private Car,2020-08-06
212,Third-Party Fire/Theft,POL-2022-000212,212,212,2021-03-20,AUTO,IN_FORCE,Private Car,2020-03-20
213,TPL,POL-2023-000213,213,213,2021-05-15,AUTO,IN_FORCE,Commercial Vehicle,2020-05-15
214,Comprehensive,POL-2024-000214,214,214,2022-06-04,AUTO,BIND,Private Car,2021-06-04
215,Third-Party Fire/Theft,POL-2025-000215,215,215,2023-08-10,AUTO,IN_FORCE,Commercial Vehicle,2022-08-10
216,Comprehensive,POL-2020-000216,216,216,2022-05-18,AUTO,EXPIRED,Commercial Vehicle,2021-05-18
217,TPL,POL-2021-000217,217,217,2022-11-15,AUTO,PAYMENT_DUE,Private Car,2021-11-15
218,Third-Party Fire/Theft,POL-2022-000218,218,218,2023-02-14,AUTO,EXPIRED,Commercial Vehicle,2022-02-14
219,Third-Party Fire/Theft,POL-2023-000219,219,219,2025-03-28,AUTO,EXPIRED,Private Car,2024-03-31
220,Third-Party Fire/Theft,POL-2024-000220,220,220,2022-04-28,AUTO,IN_FORCE,Private Car,2021-04-29
221,Third-Party Fire/Theft,POL-2025-000221,221,221,2022-06-28,AUTO,EXPIRED,Commercial Vehicle,2021-06-29
222,Third-Party Fire/Theft,POL-2020-000222,222,222,2021-06-13,AUTO,BIND,Commercial Vehicle,2020-06-13
223,TPL,POL-2021-000223,223,223,2023-04-25,AUTO,BIND,Private Car,2022-04-25
224,TPL,POL-2022-000224,224,224,2023-06-01,AUTO,IN_FORCE,Commercial Vehicle,2022-06-01
225,TPL,POL-2023-000225,225,225,2024-01-19,AUTO,EXPIRED,Private Car,2023-01-19
226,TPL,POL-2024-000226,226,226,2022-02-02,AUTO,PAYMENT_DUE,Private Car,2021-02-02
227,TPL,POL-2025-000227,227,227,2025-03-15,AUTO,IN_FORCE,Private Car,2024-03-15
228,TPL,POL-2020-000228,228,228,2025-09-14,AUTO,BIND,Private Car,2024-09-14
229,Third-Party Fire/Theft,POL-2021-000229,229,229,2023-03-27,AUTO,PAYMENT_DUE,Private Car,2022-03-27
230,Comprehensive,POL-2022-000230,230,230,2025-03-07,AUTO,QUOTED,Commercial Vehicle,2024-03-07
231,Comprehensive,POL-2023-000231,231,231,2024-10-28,AUTO,IN_FORCE,Commercial Vehicle,2023-10-28
232,Third-Party Fire/Theft,POL-2024-000232,232,232,2024-10-22,AUTO,BIND,Private Car,2023-10-22
233,Third-Party Fire/Theft,POL-2025-000233,233,233,2021-02-23,AUTO,QUOTED,Commercial Vehicle,2020-02-23
234,Third-Party Fire/Theft,POL-2020-000234,234,234,2022-01-17,AUTO,BIND,Commercial Vehicle,2021-01-17
235,TPL,POL-2021-000235,235,235,2021-07-18,AUTO,QUOTED,Commercial Vehicle,2020-07-18
236,TPL,POL-2022-000236,236,236,2025-12-12,AUTO,IN_FORCE,Private Car,2024-12-12
237,Third-Party Fire/Theft,POL-2023-000237,237,237,2025-01-09,AUTO,QUOTED,Commercial Vehicle,2024-01-09
238,Comprehensive,POL-2024-000238,238,238,2022-02-20,AUTO,EXPIRED,Commercial Vehicle,2021-02-20
239,TPL,POL-2025-000239,239,239,2022-02-17,AUTO,BIND,Commercial Vehicle,2021-02-17
240,TPL,POL-2020-000240,240,240,2022-05-24,AUTO,EXPIRED,Private Car,2021-05-24
241,TPL,POL-2021-000241,241,241,2023-05-15,AUTO,BIND,Private Car,2022-05-15
242,TPL,POL-2022-000242,242,242,2022-07-19,AUTO,QUOTED,Private Car,2021-07-19
243,Comprehensive,POL-2023-000243,243,243,2024-12-03,AUTO,IN_FORCE,Private Car,2023-12-03
244,TPL,POL-2024-000244,244,244,2023-06-13,AUTO,PAYMENT_DUE,Commercial Vehicle,2022-06-13
245,TPL,POL-2025-000245,245,245,2024-09-27,AUTO,PAYMENT_DUE,Private Car,2023-09-27
246,TPL,POL-2020-000246,246,246,2021-10-18,AUTO,BIND,Private Car,2020-10-18
247,TPL,POL-2021-000247,247,247,2025-03-10,AUTO,EXPIRED,Private Car,2024-03-10
248,Third-Party Fire/Theft,POL-2022-000248,248,248,2021-07-23,AUTO,EXPIRED,Commercial Vehicle,2020-07-23
249,TPL,POL-2023-000249,249,249,2021-12-24,AUTO,BIND,Private Car,2020-12-24
250,Third-Party Fire/Theft,POL-2024-000250,250,250,2022-06-26,AUTO,PAYMENT_DUE,Commercial Vehicle,2021-06-26
251,TPL,POL-2025-000251,251,251,2021-01-25,AUTO,IN_FORCE,Private Car,2020-01-25
252,Comprehensive,POL-2020-000252,252,252,2024-04-28,AUTO,PAYMENT_DUE,Private Car,2023-04-28
253,TPL,POL-2021-000253,253,253,2022-01-08,AUTO,BIND,Commercial Vehicle,2021-01-08
254,TPL,POL-2022-000254,254,254,2022-04-28,AUTO,IN_FORCE,Private Car,2021-04-29
255,Comprehensive,POL-2023-000255,255,255,2021-09-15,AUTO,QUOTED,Private Car,2020-09-15
256,Comprehensive,POL-2024-000256,256,256,2021-01-10,AUTO,BIND,Private Car,2020-01-10
257,TPL,POL-2025-000257,257,257,2023-04-11,AUTO,EXPIRED,Private Car,2022-04-11
258,Comprehensive,POL-2020-000258,258,258,2025-12-04,AUTO,EXPIRED,Commercial Vehicle,2024-12-04
259,Comprehensive,POL-2021-000259,259,259,2023-09-04,AUTO,IN_FORCE,Private Car,2022-09-04
260,Comprehensive,POL-2022-000260,260,260,2024-10-21,AUTO,QUOTED,Commercial Vehicle,2023-10-21
261,Third-Party Fire/Theft,POL-2023-000261,261,261,2021-12-08,AUTO,IN_FORCE,Commercial Vehicle,2020-12-08
262,TPL,POL-2024-000262,262,262,2023-10-27,AUTO,QUOTED,Commercial Vehicle,2022-10-27
263,Comprehensive,POL-2025-000263,263,263,2024-11-03,AUTO,EXPIRED,Private Car,2023-11-03
264,Third-Party Fire/Theft,POL-2020-000264,264,264,2025-05-13,AUTO,QUOTED,Commercial Vehicle,2024-05-13
265,Comprehensive,POL-2021-000265,265,265,2025-12-19,AUTO,PAYMENT_DUE,Private Car,2024-12-19
266,Third-Party Fire/Theft,POL-2022-000266,266,266,2025-10-19,AUTO,PAYMENT_DUE,Private Car,2024-10-19
267,Third-Party Fire/Theft,POL-2023-000267,267,267,2025-04-14,AUTO,PAYMENT_DUE,Private Car,2024-04-14
268,TPL,POL-2024-000268,268,268,2022-10-25,AUTO,IN_FORCE,Private Car,2021-10-25
269,Third-Party Fire/Theft,POL-2025-000269,269,269,2021-03-15,AUTO,EXPIRED,Commercial Vehicle,2020-03-15
270,Third-Party Fire/Theft,POL-2020-000270,270,270,2023-07-06,AUTO,QUOTED,Commercial Vehicle,2022-07-06
271,TPL,POL-2021-000271,271,271,2025-05-27,AUTO,BIND,Private Car,2024-05-27
272,Third-Party Fire/Theft,POL-2022-000272,272,272,2022-02-21,AUTO,QUOTED,Commercial Vehicle,2021-02-21
273,Comprehensive,POL-2023-000273,273,273,2022-03-01,AUTO,IN_FORCE,Private Car,2021-03-01
274,Third-Party Fire/Theft,POL-2024-000274,274,274,2025-07-15,AUTO,IN_FORCE,Private Car,2024-07-15
275,Third-Party Fire/Theft,POL-2025-000275,275,275,2021-04-12,AUTO,IN_FORCE,Commercial Vehicle,2020-04-12
276,Comprehensive,POL-2020-000276,276,276,2023-10-14,AUTO,EXPIRED,Private Car,2022-10-14
277,TPL,POL-2021-000277,277,277,2025-10-10,AUTO,PAYMENT_DUE,Private Car,2024-10-10
278,Third-Party Fire/Theft,POL-2022-000278,278,278,2023-11-12,AUTO,IN_FORCE,Private Car,2022-11-12
279,Third-Party Fire/Theft,POL-2023-000279,279,279,2025-12-13,AUTO,EXPIRED,Commercial Vehicle,2024-12-13
280,Comprehensive,POL-2024-000280,280,280,2024-11-26,AUTO,EXPIRED,Commercial Vehicle,2023-11-26
281,TPL,POL-2025-000281,281,281,2025-11-28,AUTO,BIND,Private Car,2024-11-28
282,TPL,POL-2020-000282,282,282,2024-08-28,AUTO,EXPIRED,Commercial Vehicle,2023-08-31
283,TPL,POL-2021-000283,283,283,2025-08-27,AUTO,PAYMENT_DUE,Commercial Vehicle,2024-08-27
284,TPL,POL-2022-000284,284,284,2023-07-28,AUTO,BIND,Commercial Vehicle,2022-07-29
285,Third-Party Fire/Theft,POL-2023-000285,285,285,2021-10-06,AUTO,EXPIRED,Commercial Vehicle,2020-10-06
286,Comprehensive,POL-2024-000286,286,286,2025-06-05,AUTO,PAYMENT_DUE,Commercial Vehicle,2024-06-05
287,TPL,POL-2025-000287,287,287,2025-06-21,AUTO,EXPIRED,Private Car,2024-06-21
288,TPL,POL-2020-000288,288,288,2022-08-27,AUTO,EXPIRED,Private Car,2021-08-27
289,Comprehensive,POL-2021-000289,289,289,2023-07-17,AUTO,PAYMENT_DUE,Private Car,2022-07-17
290,TPL,POL-2022-000290,290,290,2024-08-10,AUTO,IN_FORCE,Commercial Vehicle,2023-08-10
291,Comprehensive,POL-2023-000291,291,291,2021-02-23,AUTO,PAYMENT_DUE,Commercial Vehicle,2020-02-23
292,Third-Party Fire/Theft,POL-2024-000292,292,292,2021-06-10,AUTO,QUOTED,Commercial Vehicle,2020-06-10
293,TPL,POL-2025-000293,293,293,2023-10-28,AUTO,IN_FORCE,Private Car,2022-10-29
294,TPL,POL-2020-000294,294,294,2025-01-20,AUTO,QUOTED,Private Car,2024-01-20
295,TPL,POL-2021-000295,295,295,2021-11-23,AUTO,BIND,Commercial Vehicle,2020-11-23
296,Comprehensive,POL-2022-000296,296,296,2021-01-15,AUTO,QUOTED,Private Car,2020-01-15
297,Third-Party Fire/Theft,POL-2023-000297,297,297,2022-11-19,AUTO,QUOTED,Commercial Vehicle,2021-11-19
298,Third-Party Fire/Theft,POL-2024-000298,298,298,2021-08-03,AUTO,QUOTED,Private Car,2020-08-03
299,TPL,POL-2025-000299,299,299,2024-01-01,AUTO,QUOTED,Commercial Vehicle,2023-01-01
300,Third-Party Fire/Theft,POL-2020-000300,300,300,2024-06-23,AUTO,PAYMENT_DUE,Private Car,2023-06-23
301,TPL,POL-2021-000301,301,301,2021-02-08,AUTO,BIND,Commercial Vehicle,2020-02-08
302,TPL,POL-2022-000302,302,302,2022-11-23,AUTO,EXPIRED,Commercial Vehicle,2021-11-23
303,Third-Party Fire/Theft,POL-2023-000303,303,303,2021-12-25,AUTO,PAYMENT_DUE,Commercial Vehicle,2020-12-25
304,Comprehensive,POL-2024-000304,304,304,2022-01-10,AUTO,BIND,Commercial Vehicle,2021-01-10
305,TPL,POL-2025-000305,305,305,2021-12-13,AUTO,EXPIRED,Private Car,2020-12-13
306,Comprehensive,POL-2020-000306,306,306,2025-08-28,AUTO,BIND,Private Car,2024-08-30
307,Comprehensive,POL-2021-000307,307,307,2021-05-08,AUTO,PAYMENT_DUE,Commercial Vehicle,2020-05-08
308,Comprehensive,POL-2022-000308,308,308,2024-12-26,AUTO,PAYMENT_DUE,Commercial Vehicle,2023-12-26
309,TPL,POL-2023-000309,309,309,2021-06-02,AUTO,IN_FORCE,Private Car,2020-06-02
310,Comprehensive,POL-2024-000310,310,310,2021-12-28,AUTO,QUOTED,Commercial Vehicle,2020-12-31
311,Comprehensive,POL-2025-000311,311,311,2024-05-04,AUTO,PAYMENT_DUE,Commercial Vehicle,2023-05-04
312,TPL,POL-2020-000312,312,312,2023-02-27,AUTO,BIND,Private Car,2022-02-27
313,Comprehensive,POL-2021-000313,313,313,2021-04-28,AUTO,EXPIRED,Commercial Vehicle,2020-04-30
314,Third-Party Fire/Theft,POL-2022-000314,314,314,2023-11-15,AUTO,BIND,Private Car,2022-11-15
315,Comprehensive,POL-2023-000315,315,315,2024-07-16,AUTO,IN_FORCE,Private Car,2023-07-16
316,Comprehensive,POL-2024-000316,316,316,2021-03-27,AUTO,BIND,Private Car,2020-03-27
317,Comprehensive,POL-2025-000317,317,317,2025-02-13,AUTO,QUOTED,Commercial Vehicle,2024-02-13
318,TPL,POL-2020-000318,318,318,2022-11-20,AUTO,IN_FORCE,Commercial Vehicle,2021-11-20
319,TPL,POL-2021-000319,319,319,2021-03-23,AUTO,BIND,Private Car,2020-03-23
320,Comprehensive,POL-2022-000320,320,320,2025-01-08,AUTO,BIND,Commercial Vehicle,2024-01-08
321,Third-Party Fire/Theft,POL-2023-000321,321,321,2022-02-12,AUTO,PAYMENT_DUE,Commercial Vehicle,2021-02-12
322,Third-Party Fire/Theft,POL-2024-000322,322,322,2025-07-22,AUTO,QUOTED,Private Car,2024-07-22
323,Comprehensive,POL-2025-000323,323,323,2024-05-23,AUTO,BIND,Commercial Vehicle,2023-05-23
324,TPL,POL-2020-000324,324,324,2022-03-04,AUTO,EXPIRED,Commercial Vehicle,2021-03-04
325,Third-Party Fire/Theft,POL-2021-000325,325,325,2022-03-06,AUTO,QUOTED,Commercial Vehicle,2021-03-06
326,Comprehensive,POL-2022-000326,326,326,2025-06-03,AUTO,PAYMENT_DUE,Private Car,2024-06-03
327,Comprehensive,POL-2023-000327,327,327,2024-05-03,AUTO,EXPIRED,Private Car,2023-05-03
328,Third-Party Fire/Theft,POL-2024-000328,328,328,2023-07-11,AUTO,EXPIRED,Commercial Vehicle,2022-07-11
329,Third-Party Fire/Theft,POL-2025-000329,329,329,2022-11-22,AUTO,QUOTED,Private Car,2021-11-22
330,Comprehensive,POL-2020-000330,330,330,2023-01-12,AUTO,EXPIRED,Commercial Vehicle,2022-01-12
331,Third-Party Fire/Theft,POL-2021-000331,331,331,2025-09-14,AUTO,BIND,Commercial Vehicle,2024-09-14
332,Third-Party Fire/Theft,POL-2022-000332,332,332,2024-07-09,AUTO,QUOTED,Private Car,2023-07-09
333,Comprehensive,POL-2023-000333,333,333,2024-08-21,AUTO,IN_FORCE,Commercial Vehicle,2023-08-21
334,TPL,POL-2024-000334,334,334,2022-06-23,AUTO,BIND,Commercial Vehicle,2021-06-23
335,Comprehensive,POL-2025-000335,335,335,2024-02-19,AUTO,BIND,Private Car,2023-02-19
336,Third-Party Fire/Theft,POL-2020-000336,336,336,2025-01-26,AUTO,EXPIRED,Commercial Vehicle,2024-01-26
337,TPL,POL-2021-000337,337,337,2022-03-22,AUTO,EXPIRED,Commercial Vehicle,2021-03-22
338,TPL,POL-2022-000338,338,338,2023-05-20,AUTO,EXPIRED,Private Car,2022-05-20
339,TPL,POL-2023-000339,339,339,2021-03-16,AUTO,BIND,Private Car,2020-03-16
340,Third-Party Fire/Theft,POL-2024-000340,340,340,2025-02-03,AUTO,BIND,Private Car,2024-02-03
341,Third-Party Fire/Theft,POL-2025-000341,341,341,2022-03-11,AUTO,BIND,Commercial Vehicle,2021-03-11
342,Comprehensive,POL-2020-000342,342,342,2025-03-17,AUTO,PAYMENT_DUE,Private Car,2024-03-17
343,Third-Party Fire/Theft,POL-2021-000343,343,343,2022-05-28,AUTO,IN_FORCE,Private Car,2021-05-29
344,Third-Party Fire/Theft,POL-2022-000344,344,344,2025-09-17,AUTO,QUOTED,Commercial Vehicle,2024-09-17
345,TPL,POL-2023-000345,345,345,2024-05-09,AUTO,IN_FORCE,Private Car,2023-05-09
346,TPL,POL-2024-000346,346,346,2021-10-28,AUTO,PAYMENT_DUE,Private Car,2020-10-30
347,Third-Party Fire/Theft,POL-2025-000347,347,347,2024-08-06,AUTO,EXPIRED,Private Car,2023-08-06
348,TPL,POL-2020-000348,348,348,2021-04-28,AUTO,BIND,Private Car,2020-04-29
349,TPL,POL-2021-000349,349,349,2022-07-26,AUTO,PAYMENT_DUE,Commercial Vehicle,2021-07-26
350,Third-Party Fire/Theft,POL-2022-000350,350,350,2025-01-05,AUTO,BIND,Commercial Vehicle,2024-01-05
351,Comprehensive,POL-2023-000351,351,351,2024-07-19,AUTO,PAYMENT_DUE,Commercial Vehicle,2023-07-19
352,TPL,POL-2024-000352,352,352,2023-06-28,AUTO,BIND,Private Car,2022-06-30
353,Comprehensive,POL-2025-000353,353,353,2022-08-10,AUTO,QUOTED,Commercial Vehicle,2021-08-10
354,Third-Party Fire/Theft,POL-2020-000354,354,354,2025-11-28,AUTO,PAYMENT_DUE,Private Car,2024-11-30
355,TPL,POL-2021-000355,355,355,2022-06-21,AUTO,IN_FORCE,Private Car,2021-06-21
356,Comprehensive,POL-2022-000356,356,356,2024-01-27,AUTO,EXPIRED,Private Car,2023-01-27
357,TPL,POL-2023-000357,357,357,2023-09-28,AUTO,IN_FORCE,Commercial Vehicle,2022-09-28
358,Third-Party Fire/Theft,POL-2024-000358,358,358,2022-12-15,AUTO,EXPIRED,Private Car,2021-12-15
359,TPL,POL-2025-000359,359,359,2023-10-11,AUTO,QUOTED,Private Car,2022-10-11
360,TPL,POL-2020-000360,360,360,2025-01-10,AUTO,IN_FORCE,Private Car,2024-01-10
361,Third-Party Fire/Theft,POL-2021-000361,361,361,2022-01-18,AUTO,EXPIRED,Private Car,2021-01-18
362,Third-Party Fire/Theft,POL-2022-000362,362,362,2021-07-27,AUTO,PAYMENT_DUE,Commercial Vehicle,2020-07-27
363,Third-Party Fire/Theft,POL-2023-000363,363,363,2022-02-10,AUTO,BIND,Private Car,2021-02-10
364,TPL,POL-2024-000364,364,364,2023-05-13,AUTO,BIND,Commercial Vehicle,2022-05-13
365,Third-Party Fire/Theft,POL-2025-000365,365,365,2025-03-27,AUTO,PAYMENT_DUE,Commercial Vehicle,2024-03-27
366,TPL,POL-2020-000366,366,366,2023-12-22,AUTO,BIND,Commercial Vehicle,2022-12-22
367,Third-Party Fire/Theft,POL-2021-000367,367,367,2025-02-06,AUTO,QUOTED,Private Car,2024-02-06
368,TPL,POL-2022-000368,368,368,2023-10-28,AUTO,IN_FORCE,Private Car,2022-10-31
369,Third-Party Fire/Theft,POL-2023-000369,369,369,2025-09-12,AUTO,BIND,Private Car,2024-09-12
370,Comprehensive,POL-2024-000370,370,370,2025-07-07,AUTO,QUOTED,Private Car,2024-07-07
371,Comprehensive,POL-2025-000371,371,371,2021-08-21,AUTO,EXPIRED,Commercial Vehicle,2020-08-21
372,TPL,POL-2020-000372,372,372,2024-08-09,AUTO,QUOTED,Private Car,2023-08-09
373,Third-Party Fire/Theft,POL-2021-000373,373,373,2025-01-21,AUTO,BIND,Commercial Vehicle,2024-01-21
374,Third-Party Fire/Theft,POL-2022-000374,374,374,2024-10-02,AUTO,IN_FORCE,Private Car,2023-10-02
375,TPL,POL-2023-000375,375,375,2025-05-21,AUTO,EXPIRED,Private Car,2024-05-21
376,TPL,POL-2024-000376,376,376,2023-12-07,AUTO,IN_FORCE,Private Car,2022-12-07
377,Comprehensive,POL-2025-000377,377,377,2025-12-13,AUTO,BIND,Private Car,2024-12-13
378,TPL,POL-2020-000378,378,378,2021-04-09,AUTO,QUOTED,Commercial Vehicle,2020-04-09
379,Comprehensive,POL-2021-000379,379,379,2023-08-28,AUTO,IN_FORCE,Commercial Vehicle,2022-08-31
380,Comprehensive,POL-2022-000380,380,380,2025-09-03,AUTO,IN_FORCE,Private Car,2024-09-03
381,TPL,POL-2023-000381,381,381,2025-11-11,AUTO,PAYMENT_DUE,Private Car,2024-11-11
382,Comprehensive,POL-2024-000382,382,382,2022-11-07,AUTO,EXPIRED,Private Car,2021-11-07
383,Third-Party Fire/Theft,POL-2025-000383,383,383,2022-05-01,AUTO,BIND,Commercial Vehicle,2021-05-01
384,TPL,POL-2020-000384,384,384,2021-03-03,AUTO,QUOTED,Commercial Vehicle,2020-03-03
385,TPL,POL-2021-000385,385,385,2024-06-28,AUTO,IN_FORCE,Private Car,2023-06-30
386,Third-Party Fire/Theft,POL-2022-000386,386,386,2025-05-04,AUTO,EXPIRED,Private Car,2024-05-04
387,Comprehensive,POL-2023-000387,387,387,2023-04-12,AUTO,BIND,Private Car,2022-04-12
388,TPL,POL-2024-000388,388,388,2022-12-07,AUTO,EXPIRED,Private Car,2021-12-07
389,TPL,POL-2025-000389,389,389,2021-05-20,AUTO,EXPIRED,Commercial Vehicle,2020-05-20
390,Third-Party Fire/Theft,POL-2020-000390,390,390,2024-11-22,AUTO,QUOTED,Private Car,2023-11-22
391,TPL,POL-2021-000391,391,391,2024-12-28,AUTO,QUOTED,Commercial Vehicle,2023-12-30
392,Comprehensive,POL-2022-000392,392,392,2021-12-03,AUTO,BIND,Private Car,2020-12-03
393,Comprehensive,POL-2023-000393,393,393,2022-01-05,AUTO,BIND,Commercial Vehicle,2021-01-05
394,Comprehensive,POL-2024-000394,394,394,2023-09-16,AUTO,QUOTED,Private Car,2022-09-16
395,Comprehensive,POL-2025-000395,395,395,2025-05-18,AUTO,PAYMENT_DUE,Commercial Vehicle,2024-05-18
396,Comprehensive,POL-2020-000396,396,396,2021-01-10,AUTO,IN_FORCE,Commercial Vehicle,2020-01-10
397,TPL,POL-2021-000397,397,397,2021-08-08,AUTO,QUOTED,Commercial Vehicle,2020-08-08
398,Third-Party Fire/Theft,POL-2022-000398,398,398,2023-04-13,AUTO,PAYMENT_DUE,Commercial Vehicle,2022-04-13
399,Third-Party Fire/Theft,POL-2023-000399,399,399,2023-12-21,AUTO,QUOTED,Commercial Vehicle,2022-12-21
400,Comprehensive,POL-2024-000400,400,400,2023-03-26,AUTO,EXPIRED,Commercial Vehicle,2022-03-26
401,Comprehensive,POL-2025-000401,401,401,2021-09-21,AUTO,IN_FORCE,Private Car,2020-09-21
402,TPL,POL-2020-000402,402,402,2023-10-11,AUTO,EXPIRED,Commercial Vehicle,2022-10-11
403,TPL,POL-2021-000403,403,403,2024-07-22,AUTO,EXPIRED,Commercial Vehicle,2023-07-22
404,TPL,POL-2022-000404,404,404,2022-09-18,AUTO,EXPIRED,Commercial Vehicle,2021-09-18
405,Third-Party Fire/Theft,POL-2023-000405,405,405,2021-06-10,AUTO,EXPIRED,Private Car,2020-06-10
406,Third-Party Fire/Theft,POL-2024-000406,406,406,2021-02-19,AUTO,IN_FORCE,Private Car,2020-02-19
407,Third-Party Fire/Theft,POL-2025-000407,407,407,2025-04-05,AUTO,EXPIRED,Commercial Vehicle,2024-04-05
408,TPL,POL-2020-000408,408,408,2021-01-26,AUTO,PAYMENT_DUE,Commercial Vehicle,2020-01-26
409,Comprehensive,POL-2021-000409,409,409,2022-04-04,AUTO,IN_FORCE,Commercial Vehicle,2021-04-04
410,TPL,POL-2022-000410,410,410,2025-07-21,AUTO,BIND,Private Car,2024-07-21
411,Comprehensive,POL-2023-000411,411,411,2025-04-11,AUTO,BIND,Commercial Vehicle,2024-04-11
412,Third-Party Fire/Theft,POL-2024-000412,412,412,2023-02-14,AUTO,EXPIRED,Commercial Vehicle,2022-02-14
413,Third-Party Fire/Theft,POL-2025-000413,413,413,2022-03-15,AUTO,QUOTED,Private Car,2021-03-15
414,Third-Party Fire/Theft,POL-2020-000414,414,414,2024-11-22,AUTO,QUOTED,Private Car,2023-11-22
415,Comprehensive,POL-2021-000415,415,415,2024-07-10,AUTO,BIND,Commercial Vehicle,2023-07-10
416,Third-Party Fire/Theft,POL-2022-000416,416,416,2023-06-09,AUTO,IN_FORCE,Private Car,2022-06-09
417,Third-Party Fire/Theft,POL-2023-000417,417,417,2023-09-08,AUTO,PAYMENT_DUE,Commercial Vehicle,2022-09-08
418,TPL,POL-2024-000418,418,418,2022-10-28,AUTO,PAYMENT_DUE,Commercial Vehicle,2021-10-30
419,Third-Party Fire/Theft,POL-2025-000419,419,419,2021-03-03,AUTO,EXPIRED,Commercial Vehicle,2020-03-03
420,Comprehensive,POL-2020-000420,420,420,2023-08-06,AUTO,EXPIRED,Private Car,2022-08-06
421,TPL,POL-2021-000421,421,421,2021-05-04,AUTO,EXPIRED,Private Car,2020-05-04
422,Third-Party Fire/Theft,POL-2022-000422,422,422,2022-08-06,AUTO,PAYMENT_DUE,Commercial Vehicle,2021-08-06
423,TPL,POL-2023-000423,423,423,2025-01-28,AUTO,PAYMENT_DUE,Private Car,2024-01-31
424,Comprehensive,POL-2024-000424,424,424,2023-01-16,AUTO,BIND,Commercial Vehicle,2022-01-16
425,Comprehensive,POL-2025-000425,425,425,2021-08-22,AUTO,PAYMENT_DUE,Private Car,2020-08-22
426,Comprehensive,POL-2020-000426,426,426,2025-07-28,AUTO,PAYMENT_DUE,Commercial Vehicle,2024-07-30
427,Comprehensive,POL-2021-000427,427,427,2025-04-07,AUTO,PAYMENT_DUE,Commercial Vehicle,2024-04-07
428,TPL,POL-2022-000428,428,428,2021-03-08,AUTO,IN_FORCE,Private Car,2020-03-08
429,Third-Party Fire/Theft,POL-2023-000429,429,429,2024-04-19,AUTO,IN_FORCE,Private Car,2023-04-19
430,Third-Party Fire/Theft,POL-2024-000430,430,430,2025-01-10,AUTO,PAYMENT_DUE,Private Car,2024-01-10
431,Third-Party Fire/Theft,POL-2025-000431,431,431,2023-11-22,AUTO,IN_FORCE,Private Car,2022-11-22
432,Third-Party Fire/Theft,POL-2020-000432,432,432,2022-10-15,AUTO,BIND,Commercial Vehicle,2021-10-15
433,TPL,POL-2021-000433,433,433,2023-06-15,AUTO,IN_FORCE,Commercial Vehicle,2022-06-15
434,Third-Party Fire/Theft,POL-2022-000434,434,434,2023-02-17,AUTO,IN_FORCE,Commercial Vehicle,2022-02-17
435,Third-Party Fire/Theft,POL-2023-000435,435,435,2021-09-21,AUTO,QUOTED,Commercial Vehicle,2020-09-21
436,Comprehensive,POL-2024-000436,436,436,2021-10-16,AUTO,IN_FORCE,Private Car,2020-10-16
437,TPL,POL-2025-000437,437,437,2025-04-21,AUTO,PAYMENT_DUE,Private Car,2024-04-21
438,TPL,POL-2020-000438,438,438,2023-10-06,AUTO,BIND,Commercial Vehicle,2022-10-06
439,Third-Party Fire/Theft,POL-2021-000439,439,439,2025-12-10,AUTO,EXPIRED,Private Car,2024-12-10
440,Comprehensive,POL-2022-000440,440,440,2024-03-23,AUTO,QUOTED,Commercial Vehicle,2023-03-23
441,TPL,POL-2023-000441,441,441,2025-05-07,AUTO,PAYMENT_DUE,Commercial Vehicle,2024-05-07
442,Comprehensive,POL-2024-000442,442,442,2025-09-26,AUTO,PAYMENT_DUE,Commercial Vehicle,2024-09-26
443,Comprehensive,POL-2025-000443,443,443,2023-04-28,AUTO,QUOTED,Commercial Vehicle,2022-04-29
444,Third-Party Fire/Theft,POL-2020-000444,444,444,2023-04-23,AUTO,IN_FORCE,Private Car,2022-04-23
445,Third-Party Fire/Theft,POL-2021-000445,445,445,2025-05-02,AUTO,EXPIRED,Private Car,2024-05-02
446,TPL,POL-2022-000446,446,446,2022-06-12,AUTO,PAYMENT_DUE,Commercial Vehicle,2021-06-12
447,TPL,POL-2023-000447,447,447,2025-06-09,AUTO,QUOTED,Private Car,2024-06-09
448,Comprehensive,POL-2024-000448,448,448,2021-10-27,AUTO,QUOTED,Private Car,2020-10-27
449,Comprehensive,POL-2025-000449,449,449,2025-03-11,AUTO,PAYMENT_DUE,Private Car,2024-03-11
450,TPL,POL-2020-000450,450,450,2023-03-20,AUTO,BIND,Private Car,2022-03-20
451,Third-Party Fire/Theft,POL-2021-000451,451,451,2022-10-04,AUTO,EXPIRED,Private Car,2021-10-04
452,Comprehensive,POL-2022-000452,452,452,2024-05-14,AUTO,IN_FORCE,Private Car,2023-05-14
453,Comprehensive,POL-2023-000453,453,453,2025-04-23,AUTO,EXPIRED,Private Car,2024-04-23
454,Comprehensive,POL-2024-000454,454,454,2021-06-09,AUTO,PAYMENT_DUE,Private Car,2020-06-09
455,TPL,POL-2025-000455,455,455,2022-10-22,AUTO,BIND,Private Car,2021-10-22
456,Third-Party Fire/Theft,POL-2020-000456,456,456,2025-11-07,AUTO,EXPIRED,Private Car,2024-11-07
457,TPL,POL-2021-000457,457,457,2023-07-03,AUTO,PAYMENT_DUE,Private Car,2022-07-03
458,Third-Party Fire/Theft,POL-2022-000458,458,458,2025-02-11,AUTO,EXPIRED,Private Car,2024-02-11
459,Third-Party Fire/Theft,POL-2023-000459,459,459,2025-11-06,AUTO,PAYMENT_DUE,Commercial Vehicle,2024-11-06
460,TPL,POL-2024-000460,460,460,2025-03-25,AUTO,IN_FORCE,Private Car,2024-03-25
461,Comprehensive,POL-2025-000461,461,461,2025-08-17,AUTO,EXPIRED,Private Car,2024-08-17
462,TPL,POL-2020-000462,462,462,2023-05-10,AUTO,IN_FORCE,Commercial Vehicle,2022-05-10
463,TPL,POL-2021-000463,463,463,2023-02-06,AUTO,EXPIRED,Private Car,2022-02-06
464,Third-Party Fire/Theft,POL-2022-000464,464,464,2021-08-13,AUTO,EXPIRED,Commercial Vehicle,2020-08-13
465,Third-Party Fire/Theft,POL-2023-000465,465,465,2023-09-28,AUTO,IN_FORCE,Private Car,2022-09-29
466,TPL,POL-2024-000466,466,466,2025-05-18,AUTO,IN_FORCE,Commercial Vehicle,2024-05-18
467,Third-Party Fire/Theft,POL-2025-000467,467,467,2025-08-28,AUTO,BIND,Commercial Vehicle,2024-08-28
468,TPL,POL-2020-000468,468,468,2023-11-12,AUTO,IN_FORCE,Private Car,2022-11-12
469,Comprehensive,POL-2021-000469,469,469,2023-03-24,AUTO,PAYMENT_DUE,Private Car,2022-03-24
470,TPL,POL-2022-000470,470,470,2021-06-28,AUTO,BIND,Commercial Vehicle,2020-06-29
471,Comprehensive,POL-2023-000471,471,471,2022-05-05,AUTO,EXPIRED,Commercial Vehicle,2021-05-05
472,Third-Party Fire/Theft,POL-2024-000472,472,472,2022-09-08,AUTO,EXPIRED,Commercial Vehicle,2021-09-08
473,TPL,POL-2025-000473,473,473,2022-10-16,AUTO,EXPIRED,Private Car,2021-10-16
474,Comprehensive,POL-2020-000474,474,474,2023-07-22,AUTO,BIND,Private Car,2022-07-22
475,Comprehensive,POL-2021-000475,475,475,2024-07-13,AUTO,BIND,Commercial Vehicle,2023-07-13
476,Third-Party Fire/Theft,POL-2022-000476,476,476,2025-08-23,AUTO,BIND,Commercial Vehicle,2024-08-23
477,Third-Party Fire/Theft,POL-2023-000477,477,477,2023-08-18,AUTO,BIND,Commercial Vehicle,2022-08-18
478,Comprehensive,POL-2024-000478,478,478,2021-03-16,AUTO,IN_FORCE,Private Car,2020-03-16
479,TPL,POL-2025-000479,479,479,2022-01-22,AUTO,BIND,Private Car,2021-01-22
480,Comprehensive,POL-2020-000480,480,480,2022-02-26,AUTO,PAYMENT_DUE,Private Car,2021-02-26
481,TPL,POL-2021-000481,481,481,2021-07-25,AUTO,BIND,Commercial Vehicle,2020-07-25
482,Comprehensive,POL-2022-000482,482,482,2022-11-22,AUTO,BIND,Private Car,2021-11-22
483,Comprehensive,POL-2023-000483,483,483,2024-08-17,AUTO,BIND,Commercial Vehicle,2023-08-17
484,Comprehensive,POL-2024-000484,484,484,2023-08-28,AUTO,IN_FORCE,Commercial Vehicle,2022-08-28
485,TPL,POL-2025-000485,485,485,2022-07-15,AUTO,PAYMENT_DUE,Commercial Vehicle,2021-07-15
486,Third-Party Fire/Theft,POL-2020-000486,486,486,2024-09-12,AUTO,BIND,Private Car,2023-09-12
487,Comprehensive,POL-2021-000487,487,487,2025-07-28,AUTO,BIND,Commercial Vehicle,2024-07-30
488,Comprehensive,POL-2022-000488,488,488,2025-03-06,AUTO,EXPIRED,Commercial Vehicle,2024-03-06
489,Third-Party Fire/Theft,POL-2023-000489,489,489,2024-07-06,AUTO,IN_FORCE,Commercial Vehicle,2023-07-06
490,TPL,POL-2024-000490,490,490,2025-02-25,AUTO,QUOTED,Private Car,2024-02-25
491,TPL,POL-2025-000491,491,491,2025-03-25,AUTO,IN_FORCE,Commercial Vehicle,2024-03-25
492,TPL,POL-2020-000492,492,492,2021-07-28,AUTO,QUOTED,Private Car,2020-07-28
493,Comprehensive,POL-2021-000493,493,493,2021-04-03,AUTO,EXPIRED,Private Car,2020-04-03
494,TPL,POL-2022-000494,494,494,2023-08-17,AUTO,QUOTED,Private Car,2022-08-17
495,TPL,POL-2023-000495,495,495,2024-12-26,AUTO,BIND,Private Car,2023-12-26
496,TPL,POL-2024-000496,496,496,2022-05-24,AUTO,IN_FORCE,Commercial Vehicle,2021-05-24
497,TPL,POL-2025-000497,497,497,2022-02-08,AUTO,PAYMENT_DUE,Private Car,2021-02-08
498,Comprehensive,POL-2020-000498,498,498,2021-08-06,AUTO,QUOTED,Commercial Vehicle,2020-08-06
499,Comprehensive,POL-2021-000499,499,499,2023-01-15,AUTO,QUOTED,Private Car,2022-01-15
500,Third-Party Fire/Theft,POL-2022-000500,500,500,2022-05-03,AUTO,QUOTED,Commercial Vehicle,2021-05-03
