id,current_lat,current_lng,email,name,phone_number,status,assigned_claim_id,surveyor_job_status,internal,active_jobs_count,app_version,capacity_per_day,city,country,created_at,province,rating_avg,skills,updated_at
1,7.82364,98.287953,surveyor1@fieldops.io,Surveyor 1,+6580009001,UNAVAILABLE,,Pending,False,1,1.0.0,6,Phuket,Thailand,2022-03-31,Phuket,1,Report,2020-09-14
2,5.450176,100.43058,surveyor2@fieldops.io,Surveyor 2,+6580009002,ON_SITE,,Accepted,False,2,2.0.1,3,Penang,Malaysia,2021-12-14,Penang,5,Report,2024-11-18
3,14.667244,120.942847,surveyor3@fieldops.io,Surveyor 3,+6580009003,ASSIGNED,,On_The_Way,False,3,2.0.1,9,Manila,Philippines,2021-02-18,Metro Manila,1,"Photo,Estimate",2024-05-15
4,5.316022,100.255747,surveyor4@fieldops.io,Surveyor 4,+6580009004,UNAVAILABLE,,Accepted,False,3,2.0.1,4,Penang,Malaysia,2021-10-05,Penang,5,All Rounder,2020-05-09
5,1.220886,103.98556,surveyor5@fieldops.io,Surveyor 5,+6580009005,ON_SITE,,Working,False,6,1.0.0,4,Singapore,Singapore,2019-11-05,Central,2,All Rounder,2019-12-18
6,-7.153153,112.634694,surveyor6@fieldops.io,Surveyor 6,+6580009006,UNAVAILABLE,,Working,False,6,1.0.0,6,Surabaya,Indonesia,2023-01-31,East Java,4,"Photo,Estimate",2023-08-14
7,5.39291,100.367222,surveyor7@fieldops.io,Surveyor 7,+6580009007,AVAILABLE,,Closed,True,7,1.2.5,10,Penang,Malaysia,2024-08-29,Penang,4,All Rounder,2024-04-06
8,7.977568,98.3989,surveyor8@fieldops.io,Surveyor 8,+6580009008,AVAILABLE,,Closed,True,7,1.1.3,3,Phuket,Thailand,2021-12-01,Phuket,4,Negotiation,2022-01-18
9,3.137097,101.733449,surveyor9@fieldops.io,Surveyor 9,+6580009009,ON_SITE,,On_The_Way,False,7,2.0.1,9,Kuala Lumpur,Malaysia,2022-01-04,Kuala Lumpur,3,Report,2020-05-26
10,13.849789,100.418499,surveyor10@fieldops.io,Surveyor 10,+6580009010,ON_SITE,,Working,False,2,1.2.5,3,Bangkok,Thailand,2019-08-12,Bangkok,5,Negotiation,2021-05-08
11,14.696957,121.025012,surveyor11@fieldops.io,Surveyor 11,+6580009011,ASSIGNED,,Closed,True,3,1.1.3,7,Manila,Philippines,2020-08-05,Metro Manila,1,"Photo,Estimate",2021-05-01
12,1.525999,103.640712,surveyor12@fieldops.io,Surveyor 12,+6580009012,UNAVAILABLE,,Working,False,7,2.0.1,4,Johor Bahru,Malaysia,2019-04-29,Johor,5,Report,2021-04-02
13,13.757785,100.482771,surveyor13@fieldops.io,Surveyor 13,+6580009013,ASSIGNED,,Closed,False,2,1.0.0,10,Bangkok,Thailand,2021-12-21,Bangkok,3,All Rounder,2024-05-29
14,-6.185591,106.743584,surveyor14@fieldops.io,Surveyor 14,+6580009014,ON_SITE,,Pending,True,6,1.2.5,3,Jakarta,Indonesia,2019-07-20,DKI Jakarta,5,Repair Network,2022-07-28
15,13.641933,100.678505,surveyor15@fieldops.io,Surveyor 15,+6580009015,ON_SITE,,Closed,True,3,1.1.3,9,Bangkok,Thailand,2024-02-02,Bangkok,3,All Rounder,2024-07-24
16,13.742874,100.611207,surveyor16@fieldops.io,Surveyor 16,+6580009016,UNAVAILABLE,,On_The_Way,True,3,1.0.0,7,Bangkok,Thailand,2024-02-20,Bangkok,1,"Photo,Estimate",2024-12-21
17,-7.28751,112.63108,surveyor17@fieldops.io,Surveyor 17,+6580009017,UNAVAILABLE,,Working,True,7,1.1.3,4,Surabaya,Indonesia,2022-12-05,East Java,5,Negotiation,2020-09-19
18,-6.181421,106.83973,surveyor18@fieldops.io,Surveyor 18,+6580009018,AVAILABLE,,Working,False,3,1.1.3,7,Jakarta,Indonesia,2022-03-31,DKI Jakarta,3,"Photo,Estimate",2019-10-28
19,-7.221402,112.89596,surveyor19@fieldops.io,Surveyor 19,+6580009019,ON_SITE,,Pending,True,1,2.0.1,10,Surabaya,Indonesia,2022-05-25,East Java,3,All Rounder,2020-03-01
20,5.375336,100.437499,surveyor20@fieldops.io,Surveyor 20,+6580009020,ASSIGNED,,On_The_Way,True,6,1.2.5,3,Penang,Malaysia,2023-01-25,Penang,3,Report,2021-12-02
21,-6.054989,106.953852,surveyor21@fieldops.io,Surveyor 21,+6580009021,AVAILABLE,,Closed,True,5,1.1.3,9,Jakarta,Indonesia,2019-12-01,DKI Jakarta,3,Report,2019-10-21
22,13.703441,100.593176,surveyor22@fieldops.io,Surveyor 22,+6580009022,AVAILABLE,,On_The_Way,False,5,1.1.3,3,Bangkok,Thailand,2022-12-14,Bangkok,5,Negotiation,2021-12-18
23,13.801355,100.462484,surveyor23@fieldops.io,Surveyor 23,+6580009023,UNAVAILABLE,,Working,False,2,2.0.1,3,Bangkok,Thailand,2020-06-01,Bangkok,1,Report,2023-08-28
24,8.099879,98.415661,surveyor24@fieldops.io,Surveyor 24,+6580009024,UNAVAILABLE,,Closed,False,1,1.1.3,8,Phuket,Thailand,2019-10-31,Phuket,4,Repair Network,2025-04-29
25,18.895075,98.926153,surveyor25@fieldops.io,Surveyor 25,+6580009025,ON_SITE,,On_The_Way,False,5,1.1.3,10,Chiang Mai,Thailand,2020-05-16,Chiang Mai,3,Repair Network,2022-01-07
26,3.089812,101.677281,surveyor26@fieldops.io,Surveyor 26,+6580009026,UNAVAILABLE,,Accepted,True,2,1.2.5,10,Kuala Lumpur,Malaysia,2024-10-28,Kuala Lumpur,4,Report,2025-01-06
27,5.370857,100.431597,surveyor27@fieldops.io,Surveyor 27,+6580009027,ON_SITE,,On_The_Way,False,3,1.2.5,7,Penang,Malaysia,2021-07-10,Penang,3,Negotiation,2022-05-02
28,8.064673,98.252737,surveyor28@fieldops.io,Surveyor 28,+6580009028,AVAILABLE,,Closed,False,2,1.2.5,3,Phuket,Thailand,2019-02-07,Phuket,3,All Rounder,2020-09-17
29,3.145636,101.663745,surveyor29@fieldops.io,Surveyor 29,+6580009029,UNAVAILABLE,,Pending,False,7,1.1.3,6,Kuala Lumpur,Malaysia,2019-12-02,Kuala Lumpur,5,Repair Network,2025-12-13
30,5.325469,100.493617,surveyor30@fieldops.io,Surveyor 30,+6580009030,AVAILABLE,,Accepted,False,7,2.0.1,9,Penang,Malaysia,2021-07-29,Penang,2,Repair Network,2023-02-20
31,7.967186,98.240228,surveyor31@fieldops.io,Surveyor 31,+6580009031,ASSIGNED,,Pending,False,1,2.0.1,8,Phuket,Thailand,2020-01-14,Phuket,5,Report,2019-12-30
32,3.23338,101.685534,surveyor32@fieldops.io,Surveyor 32,+6580009032,AVAILABLE,,On_The_Way,True,1,1.0.0,3,Kuala Lumpur,Malaysia,2023-08-17,Kuala Lumpur,2,Report,2020-10-17
33,14.724828,121.012702,surveyor33@fieldops.io,Surveyor 33,+6580009033,AVAILABLE,,Working,False,5,1.0.0,6,Manila,Philippines,2020-08-13,Metro Manila,4,"Photo,Estimate",2022-08-16
34,13.607879,100.441566,surveyor34@fieldops.io,Surveyor 34,+6580009034,AVAILABLE,,On_The_Way,False,5,2.0.1,3,Bangkok,Thailand,2022-04-10,Bangkok,4,Repair Network,2021-01-02
35,1.529769,103.766256,surveyor35@fieldops.io,Surveyor 35,+6580009035,AVAILABLE,,Closed,False,2,1.2.5,6,Johor Bahru,Malaysia,2021-10-31,Johor,2,Repair Network,2023-05-16
36,13.606776,100.437231,surveyor36@fieldops.io,Surveyor 36,+6580009036,AVAILABLE,,Working,False,3,1.1.3,5,Bangkok,Thailand,2022-09-17,Bangkok,5,Repair Network,2024-07-18
37,3.08742,101.760496,surveyor37@fieldops.io,Surveyor 37,+6580009037,UNAVAILABLE,,Accepted,False,0,2.0.1,5,Kuala Lumpur,Malaysia,2021-03-10,Kuala Lumpur,4,All Rounder,2025-08-16
38,3.242554,101.746423,surveyor38@fieldops.io,Surveyor 38,+6580009038,AVAILABLE,,Pending,False,2,1.1.3,6,Kuala Lumpur,Malaysia,2020-08-22,Kuala Lumpur,3,Report,2024-02-17
39,14.520605,121.032902,surveyor39@fieldops.io,Surveyor 39,+6580009039,ASSIGNED,,Accepted,False,4,1.1.3,9,Manila,Philippines,2020-01-09,Metro Manila,1,"Photo,Estimate",2022-02-07
40,-6.144675,106.803809,surveyor40@fieldops.io,Surveyor 40,+6580009040,INSPECTION_DONE,,Pending,False,3,2.0.1,9,Jakarta,Indonesia,2020-04-06,DKI Jakarta,2,Repair Network,2020-07-29
41,3.149283,101.636676,surveyor41@fieldops.io,Surveyor 41,+6580009041,UNAVAILABLE,,Pending,True,2,1.2.5,4,Kuala Lumpur,Malaysia,2019-05-01,Kuala Lumpur,3,Repair Network,2022-10-29
42,18.818338,98.998672,surveyor42@fieldops.io,Surveyor 42,+6580009042,ASSIGNED,,On_The_Way,False,3,1.1.3,3,Chiang Mai,Thailand,2023-08-07,Chiang Mai,1,Report,2023-10-25
43,14.706597,121.039376,surveyor43@fieldops.io,Surveyor 43,+6580009043,AVAILABLE,,Working,False,5,1.1.3,4,Manila,Philippines,2021-10-13,Metro Manila,3,Repair Network,2024-11-13
44,5.458969,100.496821,surveyor44@fieldops.io,Surveyor 44,+6580009044,ON_SITE,,Closed,False,7,1.2.5,8,Penang,Malaysia,2023-05-10,Penang,3,Report,2019-10-12
45,7.975805,98.300968,surveyor45@fieldops.io,Surveyor 45,+6580009045,ON_SITE,,Working,False,6,2.0.1,8,Phuket,Thailand,2020-12-14,Phuket,5,All Rounder,2023-05-10
46,7.848271,98.222501,surveyor46@fieldops.io,Surveyor 46,+6580009046,AVAILABLE,,Pending,False,7,1.0.0,9,Phuket,Thailand,2020-11-06,Phuket,5,Repair Network,2020-11-16
47,-7.173669,112.742879,surveyor47@fieldops.io,Surveyor 47,+6580009047,AVAILABLE,,Closed,False,0,1.1.3,4,Surabaya,Indonesia,2024-01-14,East Java,2,Report,2021-09-07
48,1.527403,103.664174,surveyor48@fieldops.io,Surveyor 48,+6580009048,INSPECTION_DONE,,On_The_Way,False,3,2.0.1,6,Johor Bahru,Malaysia,2023-07-26,Johor,4,All Rounder,2023-04-24
49,-7.188983,112.691638,surveyor49@fieldops.io,Surveyor 49,+6580009049,ON_SITE,,Closed,False,5,2.0.1,7,Surabaya,Indonesia,2021-06-12,East Java,4,Negotiation,2025-10-02
50,-7.29119,112.855364,surveyor50@fieldops.io,Surveyor 50,+6580009050,INSPECTION_DONE,,Accepted,False,1,2.0.1,6,Surabaya,Indonesia,2024-08-11,East Java,1,Repair Network,2025-05-26
51,8.066392,98.498642,surveyor51@fieldops.io,Surveyor 51,+6580009051,ON_SITE,,Closed,False,3,1.1.3,9,Phuket,Thailand,2019-03-20,Phuket,2,Report,2020-10-22
52,13.833858,100.330019,surveyor52@fieldops.io,Surveyor 52,+6580009052,AVAILABLE,,Pending,False,7,1.2.5,7,Bangkok,Thailand,2024-03-16,Bangkok,1,"Photo,Estimate",2021-01-20
53,7.998514,98.274573,surveyor53@fieldops.io,Surveyor 53,+6580009053,ON_SITE,,Closed,True,0,1.0.0,5,Phuket,Thailand,2024-09-01,Phuket,4,Repair Network,2020-12-31
54,14.652713,120.937509,surveyor54@fieldops.io,Surveyor 54,+6580009054,INSPECTION_DONE,,Working,False,3,1.2.5,4,Manila,Philippines,2023-08-25,Metro Manila,1,All Rounder,2021-01-19
55,1.315218,103.626532,surveyor55@fieldops.io,Surveyor 55,+6580009055,AVAILABLE,,Working,False,2,1.2.5,7,Singapore,Singapore,2020-08-22,Central,1,Negotiation,2022-05-20
56,5.331874,100.362924,surveyor56@fieldops.io,Surveyor 56,+6580009056,INSPECTION_DONE,,Accepted,False,3,1.2.5,8,Penang,Malaysia,2023-01-17,Penang,3,Report,2025-08-27
57,18.703378,99.03466,surveyor57@fieldops.io,Surveyor 57,+6580009057,UNAVAILABLE,,Accepted,False,1,1.0.0,4,Chiang Mai,Thailand,2023-01-05,Chiang Mai,5,"Photo,Estimate",2023-04-03
58,-6.204664,106.780258,surveyor58@fieldops.io,Surveyor 58,+6580009058,UNAVAILABLE,,Pending,False,2,1.2.5,8,Jakarta,Indonesia,2023-10-21,DKI Jakarta,2,"Photo,Estimate",2022-11-24
59,3.085829,101.787178,surveyor59@fieldops.io,Surveyor 59,+6580009059,ASSIGNED,,Closed,False,0,1.1.3,10,Kuala Lumpur,Malaysia,2021-08-07,Kuala Lumpur,1,Negotiation,2023-07-06
60,-7.320627,112.649902,surveyor60@fieldops.io,Surveyor 60,+6580009060,ASSIGNED,,On_The_Way,False,0,1.2.5,4,Surabaya,Indonesia,2021-06-06,East Java,4,All Rounder,2024-12-31
61,1.364497,103.658914,surveyor61@fieldops.io,Surveyor 61,+6580009061,AVAILABLE,,Closed,False,5,2.0.1,8,Singapore,Singapore,2020-03-12,Central,2,Repair Network,2022-04-01
62,-6.04483,106.972303,surveyor62@fieldops.io,Surveyor 62,+6580009062,UNAVAILABLE,,Pending,True,3,1.1.3,3,Jakarta,Indonesia,2023-01-13,DKI Jakarta,2,"Photo,Estimate",2020-12-04
63,18.715206,99.086279,surveyor63@fieldops.io,Surveyor 63,+6580009063,INSPECTION_DONE,,Pending,False,4,1.1.3,6,Chiang Mai,Thailand,2024-08-05,Chiang Mai,2,Report,2022-02-15
64,8.010214,98.311693,surveyor64@fieldops.io,Surveyor 64,+6580009064,INSPECTION_DONE,,Pending,False,2,1.1.3,4,Phuket,Thailand,2022-01-10,Phuket,2,All Rounder,2024-06-03
65,18.830603,99.042087,surveyor65@fieldops.io,Surveyor 65,+6580009065,UNAVAILABLE,,Closed,False,7,1.2.5,10,Chiang Mai,Thailand,2023-08-23,Chiang Mai,2,Report,2019-06-23
66,5.463076,100.454384,surveyor66@fieldops.io,Surveyor 66,+6580009066,ON_SITE,,Pending,False,0,2.0.1,10,Penang,Malaysia,2022-05-12,Penang,1,Repair Network,2023-02-28
67,14.693913,120.914277,surveyor67@fieldops.io,Surveyor 67,+6580009067,INSPECTION_DONE,,Working,True,4,2.0.1,3,Manila,Philippines,2020-05-14,Metro Manila,2,Repair Network,2024-05-09
68,3.100139,101.559872,surveyor68@fieldops.io,Surveyor 68,+6580009068,INSPECTION_DONE,,On_The_Way,False,7,1.1.3,5,Kuala Lumpur,Malaysia,2022-11-25,Kuala Lumpur,3,Repair Network,2022-12-19
69,1.425911,103.732908,surveyor69@fieldops.io,Surveyor 69,+6580009069,AVAILABLE,,Accepted,False,1,1.1.3,4,Singapore,Singapore,2020-02-19,Central,2,All Rounder,2023-08-18
70,18.731221,98.952998,surveyor70@fieldops.io,Surveyor 70,+6580009070,UNAVAILABLE,,Working,False,4,1.0.0,9,Chiang Mai,Thailand,2021-06-09,Chiang Mai,1,Negotiation,2024-09-10
71,7.995675,98.25883,surveyor71@fieldops.io,Surveyor 71,+6580009071,UNAVAILABLE,,On_The_Way,False,1,1.2.5,9,Phuket,Thailand,2022-08-17,Phuket,5,"Photo,Estimate",2021-03-29
72,13.605723,100.646964,surveyor72@fieldops.io,Surveyor 72,+6580009072,INSPECTION_DONE,,Working,False,1,1.2.5,10,Bangkok,Thailand,2024-12-17,Bangkok,1,Report,2021-12-21
73,13.767202,100.679441,surveyor73@fieldops.io,Surveyor 73,+6580009073,AVAILABLE,,Working,False,2,1.0.0,8,Bangkok,Thailand,2023-08-23,Bangkok,4,Negotiation,2025-01-19
74,1.439445,103.722861,surveyor74@fieldops.io,Surveyor 74,+6580009074,UNAVAILABLE,,Closed,False,0,2.0.1,3,Singapore,Singapore,2021-02-16,Central,3,Repair Network,2023-12-06
75,5.461491,100.382395,surveyor75@fieldops.io,Surveyor 75,+6580009075,INSPECTION_DONE,,Working,False,7,2.0.1,9,Penang,Malaysia,2023-12-15,Penang,1,All Rounder,2019-06-16
76,-7.18044,112.677898,surveyor76@fieldops.io,Surveyor 76,+6580009076,UNAVAILABLE,,On_The_Way,False,2,2.0.1,10,Surabaya,Indonesia,2024-07-10,East Java,2,All Rounder,2022-08-23
77,18.896724,99.025302,surveyor77@fieldops.io,Surveyor 77,+6580009077,ASSIGNED,,On_The_Way,False,2,1.0.0,7,Chiang Mai,Thailand,2022-07-12,Chiang Mai,1,Negotiation,2023-10-21
78,3.104727,101.553814,surveyor78@fieldops.io,Surveyor 78,+6580009078,UNAVAILABLE,,On_The_Way,False,3,1.2.5,8,Kuala Lumpur,Malaysia,2022-01-15,Kuala Lumpur,2,Negotiation,2022-01-09
79,13.697761,100.559781,surveyor79@fieldops.io,Surveyor 79,+6580009079,ON_SITE,,On_The_Way,False,6,1.1.3,6,Bangkok,Thailand,2020-10-13,Bangkok,4,Repair Network,2020-04-04
80,1.395839,104.010377,surveyor80@fieldops.io,Surveyor 80,+6580009080,ON_SITE,,Accepted,False,0,1.1.3,9,Singapore,Singapore,2023-06-03,Central,3,Repair Network,2024-02-17
81,5.477983,100.226534,surveyor81@fieldops.io,Surveyor 81,+6580009081,INSPECTION_DONE,,Accepted,False,4,1.0.0,8,Penang,Malaysia,2019-02-14,Penang,4,Repair Network,2025-06-12
82,1.480137,103.74923,surveyor82@fieldops.io,Surveyor 82,+6580009082,UNAVAILABLE,,Working,False,6,2.0.1,7,Johor Bahru,Malaysia,2020-08-17,Johor,5,Repair Network,2019-07-30
83,18.751467,99.056146,surveyor83@fieldops.io,Surveyor 83,+6580009083,ON_SITE,,Accepted,False,5,1.0.0,7,Chiang Mai,Thailand,2021-12-20,Chiang Mai,2,Repair Network,2020-07-04
84,7.99822,98.289661,surveyor84@fieldops.io,Surveyor 84,+6580009084,INSPECTION_DONE,,Accepted,False,5,2.0.1,4,Phuket,Thailand,2023-11-29,Phuket,2,Report,2019-09-17
85,1.368271,103.767752,surveyor85@fieldops.io,Surveyor 85,+6580009085,AVAILABLE,,Pending,True,6,1.1.3,8,Singapore,Singapore,2020-11-06,Central,4,Report,2019-09-07
86,-7.188969,112.827522,surveyor86@fieldops.io,Surveyor 86,+6580009086,AVAILABLE,,Accepted,False,2,1.1.3,3,Surabaya,Indonesia,2024-06-09,East Java,5,"Photo,Estimate",2020-03-01
87,8.020854,98.273996,surveyor87@fieldops.io,Surveyor 87,+6580009087,ON_SITE,,Closed,False,2,1.0.0,9,Phuket,Thailand,2019-07-01,Phuket,1,Repair Network,2024-09-28
88,5.441867,100.261414,surveyor88@fieldops.io,Surveyor 88,+6580009088,ON_SITE,,Working,False,7,1.1.3,6,Penang,Malaysia,2022-08-05,Penang,3,Negotiation,2025-08-22
89,14.641813,121.079656,surveyor89@fieldops.io,Surveyor 89,+6580009089,ON_SITE,,Working,False,3,2.0.1,8,Manila,Philippines,2022-03-26,Metro Manila,1,Report,2023-05-26
90,13.69791,100.54326,surveyor90@fieldops.io,Surveyor 90,+6580009090,ASSIGNED,,On_The_Way,False,4,1.1.3,3,Bangkok,Thailand,2019-12-09,Bangkok,5,Repair Network,2020-09-26
91,14.575042,121.028111,surveyor91@fieldops.io,Surveyor 91,+6580009091,INSPECTION_DONE,,Accepted,False,4,2.0.1,5,Manila,Philippines,2024-07-07,Metro Manila,2,"Photo,Estimate",2020-10-06
92,-6.061468,106.823462,surveyor92@fieldops.io,Surveyor 92,+6580009092,UNAVAILABLE,,On_The_Way,False,1,2.0.1,10,Jakarta,Indonesia,2019-11-09,DKI Jakarta,1,Report,2019-11-28
93,-6.010721,106.668709,surveyor93@fieldops.io,Surveyor 93,+6580009093,UNAVAILABLE,,Accepted,False,1,1.1.3,10,Jakarta,Indonesia,2023-02-10,DKI Jakarta,5,Report,2024-11-29
94,14.691204,121.053194,surveyor94@fieldops.io,Surveyor 94,+6580009094,UNAVAILABLE,,Pending,False,6,1.2.5,10,Manila,Philippines,2023-07-15,Metro Manila,4,All Rounder,2022-05-17
95,1.506226,103.631262,surveyor95@fieldops.io,Surveyor 95,+6580009095,AVAILABLE,,Closed,False,6,1.2.5,7,Johor Bahru,Malaysia,2022-08-05,Johor,1,"Photo,Estimate",2019-09-22
96,-7.269595,112.667766,surveyor96@fieldops.io,Surveyor 96,+6580009096,AVAILABLE,,On_The_Way,True,5,1.2.5,4,Surabaya,Indonesia,2024-12-15,East Java,4,Repair Network,2021-11-17
97,7.994077,98.211101,surveyor97@fieldops.io,Surveyor 97,+6580009097,ASSIGNED,,Pending,True,4,1.2.5,5,Phuket,Thailand,2019-06-22,Phuket,4,"Photo,Estimate",2019-10-11
98,18.880631,99.03705,surveyor98@fieldops.io,Surveyor 98,+6580009098,UNAVAILABLE,,Working,False,6,1.0.0,9,Chiang Mai,Thailand,2021-11-12,Chiang Mai,3,"Photo,Estimate",2022-02-05
99,13.892238,100.379306,surveyor99@fieldops.io,Surveyor 99,+6580009099,ASSIGNED,,Accepted,False,6,1.2.5,5,Bangkok,Thailand,2019-12-31,Bangkok,3,Report,2020-05-17
100,3.243612,101.68989,surveyor100@fieldops.io,Surveyor 100,+6580009100,UNAVAILABLE,,Working,False,7,1.2.5,10,Kuala Lumpur,Malaysia,2020-06-24,Kuala Lumpur,1,Negotiation,2025-08-05
101,14.670328,121.036128,surveyor101@fieldops.io,Surveyor 101,+6580009101,INSPECTION_DONE,,Pending,False,1,1.2.5,5,Manila,Philippines,2019-04-29,Metro Manila,1,Repair Network,2025-01-21
102,13.612131,100.436698,surveyor102@fieldops.io,Surveyor 102,+6580009102,INSPECTION_DONE,,Working,False,2,2.0.1,4,Bangkok,Thailand,2022-04-05,Bangkok,4,Repair Network,2020-08-06
103,13.637527,100.30555,surveyor103@fieldops.io,Surveyor 103,+6580009103,AVAILABLE,,Accepted,False,3,1.0.0,6,Bangkok,Thailand,2024-05-24,Bangkok,2,Report,2024-10-20
104,-7.168186,112.701746,surveyor104@fieldops.io,Surveyor 104,+6580009104,UNAVAILABLE,,Closed,True,4,2.0.1,9,Surabaya,Indonesia,2023-01-15,East Java,4,Report,2021-10-04
105,5.399678,100.461148,surveyor105@fieldops.io,Surveyor 105,+6580009105,ASSIGNED,,Pending,False,2,1.0.0,6,Penang,Malaysia,2023-12-04,Penang,4,"Photo,Estimate",2022-06-15
106,14.52107,121.007487,surveyor106@fieldops.io,Surveyor 106,+6580009106,INSPECTION_DONE,,Working,False,4,1.1.3,4,Manila,Philippines,2024-09-26,Metro Manila,5,Negotiation,2025-05-13
107,8.098954,98.406705,surveyor107@fieldops.io,Surveyor 107,+6580009107,INSPECTION_DONE,,Closed,False,2,1.1.3,10,Phuket,Thailand,2024-02-18,Phuket,2,All Rounder,2025-02-20
108,18.808199,99.091616,surveyor108@fieldops.io,Surveyor 108,+6580009108,INSPECTION_DONE,,Pending,False,2,1.0.0,7,Chiang Mai,Thailand,2020-05-22,Chiang Mai,5,"Photo,Estimate",2022-01-24
109,13.680786,100.427335,surveyor109@fieldops.io,Surveyor 109,+6580009109,UNAVAILABLE,,Closed,True,0,2.0.1,6,Bangkok,Thailand,2019-03-18,Bangkok,3,All Rounder,2020-07-10
110,-7.254694,112.870433,surveyor110@fieldops.io,Surveyor 110,+6580009110,ASSIGNED,,Closed,False,7,2.0.1,4,Surabaya,Indonesia,2019-11-14,East Java,5,"Photo,Estimate",2024-12-22
111,8.053302,98.322063,surveyor111@fieldops.io,Surveyor 111,+6580009111,AVAILABLE,,On_The_Way,False,5,1.0.0,6,Phuket,Thailand,2019-07-12,Phuket,3,Repair Network,2025-08-21
112,-6.040625,106.91499,surveyor112@fieldops.io,Surveyor 112,+6580009112,UNAVAILABLE,,Accepted,False,7,2.0.1,4,Jakarta,Indonesia,2022-10-23,DKI Jakarta,1,Repair Network,2025-04-20
113,1.471941,103.600739,surveyor113@fieldops.io,Surveyor 113,+6580009113,ASSIGNED,,Working,False,3,1.1.3,10,Johor Bahru,Malaysia,2022-09-19,Johor,4,Report,2023-10-15
114,5.358837,100.24457,surveyor114@fieldops.io,Surveyor 114,+6580009114,ASSIGNED,,Accepted,False,4,1.1.3,10,Penang,Malaysia,2021-05-07,Penang,1,Repair Network,2020-01-01
115,14.731651,120.919682,surveyor115@fieldops.io,Surveyor 115,+6580009115,AVAILABLE,,Pending,True,3,1.2.5,6,Manila,Philippines,2022-09-10,Metro Manila,3,Negotiation,2022-05-21
116,7.861261,98.317191,surveyor116@fieldops.io,Surveyor 116,+6580009116,UNAVAILABLE,,Closed,True,1,1.2.5,10,Phuket,Thailand,2022-06-01,Phuket,1,Report,2021-02-26
117,14.597773,121.064686,surveyor117@fieldops.io,Surveyor 117,+6580009117,ASSIGNED,,Closed,False,6,2.0.1,9,Manila,Philippines,2021-01-21,Metro Manila,5,"Photo,Estimate",2024-06-06
118,3.138132,101.594485,surveyor118@fieldops.io,Surveyor 118,+6580009118,AVAILABLE,,On_The_Way,False,0,1.0.0,9,Kuala Lumpur,Malaysia,2022-06-16,Kuala Lumpur,4,"Photo,Estimate",2019-02-28
119,8.00337,98.49171,surveyor119@fieldops.io,Surveyor 119,+6580009119,ASSIGNED,,Pending,True,5,2.0.1,4,Phuket,Thailand,2022-10-04,Phuket,1,All Rounder,2024-08-10
120,3.068352,101.698158,surveyor120@fieldops.io,Surveyor 120,+6580009120,ASSIGNED,,Working,False,6,2.0.1,7,Kuala Lumpur,Malaysia,2020-11-03,Kuala Lumpur,2,Report,2024-01-16
121,8.079639,98.248709,surveyor121@fieldops.io,Surveyor 121,+6580009121,INSPECTION_DONE,,Pending,False,5,2.0.1,8,Phuket,Thailand,2019-08-25,Phuket,4,Repair Network,2022-02-23
122,1.506709,103.642515,surveyor122@fieldops.io,Surveyor 122,+6580009122,ASSIGNED,,Accepted,False,3,1.2.5,9,Johor Bahru,Malaysia,2023-12-11,Johor,5,"Photo,Estimate",2021-01-05
123,1.473356,103.696907,surveyor123@fieldops.io,Surveyor 123,+6580009123,UNAVAILABLE,,Accepted,False,7,1.0.0,9,Johor Bahru,Malaysia,2022-04-18,Johor,5,Report,2021-05-17
124,14.515471,121.007121,surveyor124@fieldops.io,Surveyor 124,+6580009124,INSPECTION_DONE,,Closed,False,5,1.1.3,6,Manila,Philippines,2020-03-12,Metro Manila,4,"Photo,Estimate",2024-08-24
125,-6.079404,106.603653,surveyor125@fieldops.io,Surveyor 125,+6580009125,UNAVAILABLE,,Accepted,False,2,2.0.1,9,Jakarta,Indonesia,2020-11-20,DKI Jakarta,1,"Photo,Estimate",2023-09-10
126,13.654199,100.539641,surveyor126@fieldops.io,Surveyor 126,+6580009126,ASSIGNED,,Accepted,False,5,1.0.0,3,Bangkok,Thailand,2020-06-11,Bangkok,5,Report,2020-12-20
127,8.04647,98.294908,surveyor127@fieldops.io,Surveyor 127,+6580009127,INSPECTION_DONE,,Closed,True,3,1.0.0,7,Phuket,Thailand,2020-05-25,Phuket,5,"Photo,Estimate",2023-09-11
128,5.488335,100.464416,surveyor128@fieldops.io,Surveyor 128,+6580009128,ASSIGNED,,Pending,False,1,1.2.5,9,Penang,Malaysia,2022-07-04,Penang,1,"Photo,Estimate",2020-12-03
129,1.308936,103.907765,surveyor129@fieldops.io,Surveyor 129,+6580009129,ON_SITE,,Pending,False,0,1.2.5,5,Singapore,Singapore,2023-07-05,Central,3,"Photo,Estimate",2020-10-12
130,18.785933,99.019417,surveyor130@fieldops.io,Surveyor 130,+6580009130,AVAILABLE,,Closed,False,4,2.0.1,4,Chiang Mai,Thailand,2023-10-23,Chiang Mai,2,All Rounder,2021-10-09
131,14.737082,120.972716,surveyor131@fieldops.io,Surveyor 131,+6580009131,ON_SITE,,Accepted,True,0,1.1.3,8,Manila,Philippines,2023-01-16,Metro Manila,3,All Rounder,2025-10-26
132,-7.295701,112.65522,surveyor132@fieldops.io,Surveyor 132,+6580009132,ASSIGNED,,On_The_Way,False,0,2.0.1,7,Surabaya,Indonesia,2022-05-27,East Java,2,Negotiation,2022-10-28
133,3.21312,101.594028,surveyor133@fieldops.io,Surveyor 133,+6580009133,UNAVAILABLE,,Closed,False,2,1.2.5,3,Kuala Lumpur,Malaysia,2022-06-24,Kuala Lumpur,2,Report,2024-06-03
134,18.831073,98.945177,surveyor134@fieldops.io,Surveyor 134,+6580009134,INSPECTION_DONE,,Accepted,False,1,1.1.3,4,Chiang Mai,Thailand,2022-02-28,Chiang Mai,3,"Photo,Estimate",2022-12-12
135,5.415575,100.40805,surveyor135@fieldops.io,Surveyor 135,+6580009135,ASSIGNED,,Accepted,False,0,1.1.3,3,Penang,Malaysia,2023-01-24,Penang,5,Repair Network,2020-09-10
136,-7.249626,112.812806,surveyor136@fieldops.io,Surveyor 136,+6580009136,INSPECTION_DONE,,Working,False,1,2.0.1,5,Surabaya,Indonesia,2021-05-17,East Java,4,All Rounder,2019-12-23
137,-7.190786,112.743086,surveyor137@fieldops.io,Surveyor 137,+6580009137,AVAILABLE,,Pending,True,7,1.0.0,4,Surabaya,Indonesia,2021-08-06,East Java,2,Report,2021-07-19
138,14.719352,121.09825,surveyor138@fieldops.io,Surveyor 138,+6580009138,AVAILABLE,,On_The_Way,False,0,1.1.3,3,Manila,Philippines,2020-09-25,Metro Manila,1,Negotiation,2023-06-24
139,18.892673,98.959381,surveyor139@fieldops.io,Surveyor 139,+6580009139,ASSIGNED,,Pending,False,7,2.0.1,5,Chiang Mai,Thailand,2023-11-25,Chiang Mai,3,All Rounder,2023-06-02
140,7.885508,98.397882,surveyor140@fieldops.io,Surveyor 140,+6580009140,INSPECTION_DONE,,Pending,False,1,1.0.0,4,Phuket,Thailand,2020-01-03,Phuket,1,All Rounder,2023-10-19
141,8.071251,98.355183,surveyor141@fieldops.io,Surveyor 141,+6580009141,INSPECTION_DONE,,Working,True,2,1.0.0,9,Phuket,Thailand,2021-12-01,Phuket,5,Report,2022-12-10
142,3.109751,101.77591,surveyor142@fieldops.io,Surveyor 142,+6580009142,UNAVAILABLE,,On_The_Way,False,1,1.2.5,8,Kuala Lumpur,Malaysia,2024-06-05,Kuala Lumpur,5,All Rounder,2019-04-27
143,-7.268038,112.781165,surveyor143@fieldops.io,Surveyor 143,+6580009143,UNAVAILABLE,,Pending,False,1,1.1.3,8,Surabaya,Indonesia,2023-10-25,East Java,2,Negotiation,2021-11-22
144,13.848955,100.466032,surveyor144@fieldops.io,Surveyor 144,+6580009144,ON_SITE,,Pending,False,5,2.0.1,4,Bangkok,Thailand,2022-07-06,Bangkok,4,All Rounder,2020-02-13
145,13.89153,100.324107,surveyor145@fieldops.io,Surveyor 145,+6580009145,AVAILABLE,,Working,False,6,1.1.3,10,Bangkok,Thailand,2020-03-04,Bangkok,3,Report,2025-09-05
146,13.804348,100.558538,surveyor146@fieldops.io,Surveyor 146,+6580009146,AVAILABLE,,Working,True,0,1.2.5,6,Bangkok,Thailand,2019-09-27,Bangkok,5,"Photo,Estimate",2022-06-12
147,1.475354,103.69175,surveyor147@fieldops.io,Surveyor 147,+6580009147,ON_SITE,,Pending,False,7,1.0.0,7,Johor Bahru,Malaysia,2024-10-28,Johor,1,Report,2023-12-13
148,18.832051,98.900128,surveyor148@fieldops.io,Surveyor 148,+6580009148,ON_SITE,,Working,False,4,1.1.3,4,Chiang Mai,Thailand,2022-01-13,Chiang Mai,2,Report,2024-09-14
149,1.335702,103.981498,surveyor149@fieldops.io,Surveyor 149,+6580009149,UNAVAILABLE,,Closed,False,1,1.0.0,7,Singapore,Singapore,2020-03-14,Central,3,All Rounder,2020-07-15
150,18.83354,98.978238,surveyor150@fieldops.io,Surveyor 150,+6580009150,AVAILABLE,,Closed,False,6,1.1.3,3,Chiang Mai,Thailand,2022-03-06,Chiang Mai,4,"Photo,Estimate",2023-06-04
151,13.618578,100.400194,surveyor151@fieldops.io,Surveyor 151,+6580009151,AVAILABLE,,Accepted,False,5,1.0.0,5,Bangkok,Thailand,2022-08-08,Bangkok,1,Repair Network,2023-06-18
152,5.486362,100.350014,surveyor152@fieldops.io,Surveyor 152,+6580009152,INSPECTION_DONE,,On_The_Way,True,1,2.0.1,7,Penang,Malaysia,2019-05-03,Penang,1,Negotiation,2024-02-18
153,1.438314,103.724961,surveyor153@fieldops.io,Surveyor 153,+6580009153,AVAILABLE,,Accepted,True,7,1.1.3,7,Singapore,Singapore,2019-06-29,Central,3,Negotiation,2022-03-10
154,7.933206,98.267335,surveyor154@fieldops.io,Surveyor 154,+6580009154,INSPECTION_DONE,,Working,False,0,1.2.5,3,Phuket,Thailand,2022-11-25,Phuket,1,All Rounder,2023-03-07
155,14.691494,120.955229,surveyor155@fieldops.io,Surveyor 155,+6580009155,INSPECTION_DONE,,Working,False,2,1.1.3,3,Manila,Philippines,2021-08-11,Metro Manila,1,"Photo,Estimate",2022-01-24
156,-6.130379,106.999125,surveyor156@fieldops.io,Surveyor 156,+6580009156,UNAVAILABLE,,Closed,False,1,1.0.0,10,Jakarta,Indonesia,2024-11-18,DKI Jakarta,5,Repair Network,2022-12-21
157,18.725491,99.039386,surveyor157@fieldops.io,Surveyor 157,+6580009157,ASSIGNED,,Pending,True,5,1.0.0,3,Chiang Mai,Thailand,2019-10-30,Chiang Mai,3,Repair Network,2024-07-04
158,-7.169492,112.887957,surveyor158@fieldops.io,Surveyor 158,+6580009158,UNAVAILABLE,,On_The_Way,False,0,2.0.1,3,Surabaya,Indonesia,2023-02-22,East Java,2,Negotiation,2024-11-05
159,5.422243,100.412997,surveyor159@fieldops.io,Surveyor 159,+6580009159,AVAILABLE,,Closed,False,6,1.1.3,8,Penang,Malaysia,2024-06-06,Penang,5,Report,2022-09-24
160,13.884363,100.545322,surveyor160@fieldops.io,Surveyor 160,+6580009160,ON_SITE,,Working,False,0,1.0.0,9,Bangkok,Thailand,2020-01-05,Bangkok,3,Negotiation,2020-09-01
161,-7.25572,112.687372,surveyor161@fieldops.io,Surveyor 161,+6580009161,AVAILABLE,,Working,False,4,2.0.1,7,Surabaya,Indonesia,2024-12-24,East Java,5,Report,2023-05-09
162,-6.16872,106.988767,surveyor162@fieldops.io,Surveyor 162,+6580009162,AVAILABLE,,Closed,False,7,1.1.3,9,Jakarta,Indonesia,2023-06-24,DKI Jakarta,1,Negotiation,2020-12-19
163,13.777792,100.341191,surveyor163@fieldops.io,Surveyor 163,+6580009163,ASSIGNED,,Pending,True,1,1.1.3,9,Bangkok,Thailand,2022-09-14,Bangkok,5,All Rounder,2023-03-08
164,1.366547,103.764226,surveyor164@fieldops.io,Surveyor 164,+6580009164,ON_SITE,,Pending,False,0,1.2.5,3,Singapore,Singapore,2022-01-31,Central,4,Repair Network,2020-07-04
165,14.64014,120.923543,surveyor165@fieldops.io,Surveyor 165,+6580009165,INSPECTION_DONE,,On_The_Way,False,1,2.0.1,4,Manila,Philippines,2020-04-21,Metro Manila,1,Report,2020-04-08
166,3.143449,101.630748,surveyor166@fieldops.io,Surveyor 166,+6580009166,UNAVAILABLE,,Closed,False,0,1.2.5,4,Kuala Lumpur,Malaysia,2023-01-09,Kuala Lumpur,1,Report,2024-06-07
167,5.469134,100.312277,surveyor167@fieldops.io,Surveyor 167,+6580009167,INSPECTION_DONE,,Working,False,7,2.0.1,6,Penang,Malaysia,2024-04-18,Penang,4,Repair Network,2021-11-24
168,1.295739,103.729325,surveyor168@fieldops.io,Surveyor 168,+6580009168,AVAILABLE,,On_The_Way,False,7,1.2.5,10,Singapore,Singapore,2022-10-04,Central,5,Negotiation,2020-07-17
169,18.774559,98.92935,surveyor169@fieldops.io,Surveyor 169,+6580009169,AVAILABLE,,Closed,False,1,1.2.5,7,Chiang Mai,Thailand,2023-09-27,Chiang Mai,4,"Photo,Estimate",2022-02-24
170,3.14239,101.735643,surveyor170@fieldops.io,Surveyor 170,+6580009170,ASSIGNED,,On_The_Way,False,6,1.2.5,9,Kuala Lumpur,Malaysia,2019-05-13,Kuala Lumpur,5,"Photo,Estimate",2025-04-13
171,1.515619,103.73667,surveyor171@fieldops.io,Surveyor 171,+6580009171,AVAILABLE,,Closed,False,6,2.0.1,9,Johor Bahru,Malaysia,2021-02-12,Johor,1,All Rounder,2021-09-30
172,1.498081,103.745206,surveyor172@fieldops.io,Surveyor 172,+6580009172,ON_SITE,,Closed,False,0,1.2.5,9,Johor Bahru,Malaysia,2024-09-26,Johor,4,Repair Network,2020-07-30
173,14.59104,121.001718,surveyor173@fieldops.io,Surveyor 173,+6580009173,UNAVAILABLE,,Closed,False,2,1.2.5,5,Manila,Philippines,2024-08-14,Metro Manila,3,All Rounder,2023-10-08
174,1.459827,103.776328,surveyor174@fieldops.io,Surveyor 174,+6580009174,AVAILABLE,,Pending,False,1,1.1.3,10,Johor Bahru,Malaysia,2020-04-21,Johor,4,"Photo,Estimate",2024-08-27
175,14.731888,120.942058,surveyor175@fieldops.io,Surveyor 175,+6580009175,ASSIGNED,,Pending,True,6,1.1.3,5,Manila,Philippines,2020-10-05,Metro Manila,3,All Rounder,2025-04-08
176,14.527758,120.926857,surveyor176@fieldops.io,Surveyor 176,+6580009176,AVAILABLE,,Pending,False,6,1.1.3,5,Manila,Philippines,2022-05-09,Metro Manila,5,Report,2020-08-22
177,8.045327,98.339715,surveyor177@fieldops.io,Surveyor 177,+6580009177,ASSIGNED,,Pending,True,5,2.0.1,9,Phuket,Thailand,2019-03-29,Phuket,4,All Rounder,2022-05-06
178,-6.263893,106.795643,surveyor178@fieldops.io,Surveyor 178,+6580009178,UNAVAILABLE,,Pending,False,5,2.0.1,6,Jakarta,Indonesia,2021-05-11,DKI Jakarta,1,All Rounder,2023-09-29
179,1.442205,103.617111,surveyor179@fieldops.io,Surveyor 179,+6580009179,ASSIGNED,,Closed,True,6,1.1.3,5,Singapore,Singapore,2020-02-15,Central,1,Negotiation,2021-09-01
180,3.129353,101.552928,surveyor180@fieldops.io,Surveyor 180,+6580009180,INSPECTION_DONE,,Closed,False,3,2.0.1,10,Kuala Lumpur,Malaysia,2021-05-29,Kuala Lumpur,4,All Rounder,2022-10-02
181,-6.216474,106.983623,surveyor181@fieldops.io,Surveyor 181,+6580009181,INSPECTION_DONE,,Pending,False,6,2.0.1,10,Jakarta,Indonesia,2022-08-11,DKI Jakarta,2,Negotiation,2019-02-24
182,13.899282,100.541326,surveyor182@fieldops.io,Surveyor 182,+6580009182,UNAVAILABLE,,Pending,False,7,2.0.1,9,Bangkok,Thailand,2019-08-21,Bangkok,1,Negotiation,2022-06-26
183,-6.21701,106.913484,surveyor183@fieldops.io,Surveyor 183,+6580009183,ON_SITE,,Closed,False,4,1.1.3,6,Jakarta,Indonesia,2022-08-11,DKI Jakarta,4,Negotiation,2021-09-01
184,-6.037459,106.776142,surveyor184@fieldops.io,Surveyor 184,+6580009184,ASSIGNED,,Working,True,3,1.0.0,10,Jakarta,Indonesia,2023-12-03,DKI Jakarta,4,All Rounder,2021-10-10
185,8.011265,98.482824,surveyor185@fieldops.io,Surveyor 185,+6580009185,INSPECTION_DONE,,Working,False,4,1.2.5,8,Phuket,Thailand,2021-08-10,Phuket,5,All Rounder,2023-10-22
186,1.42001,103.884039,surveyor186@fieldops.io,Surveyor 186,+6580009186,ON_SITE,,Accepted,False,3,2.0.1,5,Singapore,Singapore,2021-06-13,Central,3,"Photo,Estimate",2021-08-13
187,7.930542,98.224717,surveyor187@fieldops.io,Surveyor 187,+6580009187,AVAILABLE,,Closed,True,7,2.0.1,7,Phuket,Thailand,2024-07-31,Phuket,3,"Photo,Estimate",2025-01-05
188,14.602301,120.902045,surveyor188@fieldops.io,Surveyor 188,+6580009188,INSPECTION_DONE,,Closed,False,3,2.0.1,7,Manila,Philippines,2019-02-12,Metro Manila,4,"Photo,Estimate",2024-04-03
189,5.31273,100.255189,surveyor189@fieldops.io,Surveyor 189,+6580009189,ASSIGNED,,Pending,False,7,1.0.0,10,Penang,Malaysia,2019-10-12,Penang,2,All Rounder,2025-05-15
190,1.491037,103.775961,surveyor190@fieldops.io,Surveyor 190,+6580009190,ASSIGNED,,Closed,True,5,1.1.3,9,Johor Bahru,Malaysia,2023-09-21,Johor,4,Repair Network,2024-09-25
191,1.222167,104.031125,surveyor191@fieldops.io,Surveyor 191,+6580009191,AVAILABLE,,Pending,False,5,1.2.5,6,Singapore,Singapore,2020-09-08,Central,2,Negotiation,2020-04-15
192,-7.17179,112.725322,surveyor192@fieldops.io,Surveyor 192,+6580009192,ASSIGNED,,Pending,False,3,1.2.5,3,Surabaya,Indonesia,2024-06-28,East Java,3,Report,2020-07-14
193,1.404126,103.770567,surveyor193@fieldops.io,Surveyor 193,+6580009193,UNAVAILABLE,,Accepted,True,7,1.2.5,4,Singapore,Singapore,2020-05-14,Central,1,Report,2022-04-28
194,1.374961,104.008852,surveyor194@fieldops.io,Surveyor 194,+6580009194,AVAILABLE,,Closed,True,1,1.2.5,8,Singapore,Singapore,2019-09-27,Central,5,Negotiation,2023-04-01
195,1.308342,103.653006,surveyor195@fieldops.io,Surveyor 195,+6580009195,ON_SITE,,Closed,False,2,1.1.3,10,Singapore,Singapore,2021-06-05,Central,4,Repair Network,2019-08-14
196,18.771234,99.024131,surveyor196@fieldops.io,Surveyor 196,+6580009196,UNAVAILABLE,,Working,False,5,2.0.1,8,Chiang Mai,Thailand,2021-03-30,Chiang Mai,2,All Rounder,2020-10-21
197,5.311172,100.415181,surveyor197@fieldops.io,Surveyor 197,+6580009197,ASSIGNED,,Closed,True,1,1.1.3,5,Penang,Malaysia,2020-02-23,Penang,5,Report,2021-10-21
198,3.157246,101.7788,surveyor198@fieldops.io,Surveyor 198,+6580009198,UNAVAILABLE,,Pending,False,5,2.0.1,5,Kuala Lumpur,Malaysia,2021-04-05,Kuala Lumpur,5,Negotiation,2023-01-25
199,8.018624,98.488363,surveyor199@fieldops.io,Surveyor 199,+6580009199,AVAILABLE,,Accepted,False,3,2.0.1,8,Phuket,Thailand,2019-11-08,Phuket,3,Repair Network,2019-09-16
200,1.532071,103.708918,surveyor200@fieldops.io,Surveyor 200,+6580009200,ON_SITE,,Pending,False,2,1.2.5,8,Johor Bahru,Malaysia,2023-07-26,Johor,2,All Rounder,2024-01-25
201,-6.085139,106.957273,surveyor201@fieldops.io,Surveyor 201,+6580009201,UNAVAILABLE,,Accepted,False,1,1.2.5,6,Jakarta,Indonesia,2023-07-22,DKI Jakarta,3,Report,2020-05-22
202,1.390956,103.896715,surveyor202@fieldops.io,Surveyor 202,+6580009202,AVAILABLE,,On_The_Way,False,2,2.0.1,7,Singapore,Singapore,2023-05-09,Central,5,"Photo,Estimate",2022-09-13
203,3.067276,101.596698,surveyor203@fieldops.io,Surveyor 203,+6580009203,ASSIGNED,,Closed,False,5,1.2.5,10,Kuala Lumpur,Malaysia,2019-10-01,Kuala Lumpur,2,All Rounder,2023-11-02
204,-7.245748,112.74914,surveyor204@fieldops.io,Surveyor 204,+6580009204,AVAILABLE,,Closed,False,6,1.0.0,4,Surabaya,Indonesia,2020-08-19,East Java,1,Negotiation,2022-09-14
205,3.227455,101.752394,surveyor205@fieldops.io,Surveyor 205,+6580009205,ON_SITE,,Working,False,4,2.0.1,8,Kuala Lumpur,Malaysia,2020-08-22,Kuala Lumpur,3,All Rounder,2020-03-15
206,-6.248447,106.98656,surveyor206@fieldops.io,Surveyor 206,+6580009206,INSPECTION_DONE,,Working,False,0,1.1.3,4,Jakarta,Indonesia,2022-01-09,DKI Jakarta,4,"Photo,Estimate",2020-06-16
207,13.735674,100.62004,surveyor207@fieldops.io,Surveyor 207,+6580009207,INSPECTION_DONE,,On_The_Way,False,6,1.0.0,10,Bangkok,Thailand,2023-11-23,Bangkok,4,Repair Network,2020-08-27
208,1.505344,103.673786,surveyor208@fieldops.io,Surveyor 208,+6580009208,ASSIGNED,,Working,False,2,1.1.3,3,Johor Bahru,Malaysia,2022-08-26,Johor,2,Negotiation,2024-10-28
209,-6.169339,106.855381,surveyor209@fieldops.io,Surveyor 209,+6580009209,ASSIGNED,,Closed,False,2,1.2.5,9,Jakarta,Indonesia,2021-09-28,DKI Jakarta,2,"Photo,Estimate",2022-03-15
210,5.307231,100.433792,surveyor210@fieldops.io,Surveyor 210,+6580009210,UNAVAILABLE,,On_The_Way,True,2,2.0.1,8,Penang,Malaysia,2023-12-07,Penang,3,Report,2020-11-28
211,-6.035776,106.699495,surveyor211@fieldops.io,Surveyor 211,+6580009211,ASSIGNED,,Accepted,False,5,2.0.1,9,Jakarta,Indonesia,2023-09-14,DKI Jakarta,5,Negotiation,2022-07-05
212,-7.349957,112.876765,surveyor212@fieldops.io,Surveyor 212,+6580009212,ASSIGNED,,Closed,False,7,1.0.0,7,Surabaya,Indonesia,2022-04-08,East Java,5,All Rounder,2020-09-13
213,7.855969,98.349285,surveyor213@fieldops.io,Surveyor 213,+6580009213,INSPECTION_DONE,,Pending,False,5,2.0.1,8,Phuket,Thailand,2021-01-23,Phuket,1,Report,2022-06-07
214,5.345844,100.26654,surveyor214@fieldops.io,Surveyor 214,+6580009214,INSPECTION_DONE,,Working,False,6,1.0.0,4,Penang,Malaysia,2022-01-25,Penang,5,All Rounder,2023-09-27
215,-7.29434,112.62498,surveyor215@fieldops.io,Surveyor 215,+6580009215,AVAILABLE,,Pending,True,3,1.2.5,3,Surabaya,Indonesia,2019-12-20,East Java,1,Report,2021-02-26
216,14.509735,120.921315,surveyor216@fieldops.io,Surveyor 216,+6580009216,ON_SITE,,Working,False,6,1.1.3,7,Manila,Philippines,2022-10-24,Metro Manila,4,"Photo,Estimate",2025-07-03
217,1.337579,103.964374,surveyor217@fieldops.io,Surveyor 217,+6580009217,ASSIGNED,,Working,False,3,2.0.1,3,Singapore,Singapore,2024-11-12,Central,3,All Rounder,2021-11-01
218,1.516312,103.771551,surveyor218@fieldops.io,Surveyor 218,+6580009218,ASSIGNED,,Working,False,3,1.1.3,10,Johor Bahru,Malaysia,2024-06-25,Johor,3,Repair Network,2019-12-11
219,1.547745,103.600674,surveyor219@fieldops.io,Surveyor 219,+6580009219,AVAILABLE,,Pending,False,6,1.2.5,3,Johor Bahru,Malaysia,2024-05-24,Johor,2,Report,2021-04-14
220,14.697775,121.007378,surveyor220@fieldops.io,Surveyor 220,+6580009220,ASSIGNED,,Accepted,False,4,1.1.3,3,Manila,Philippines,2024-06-28,Metro Manila,2,Repair Network,2022-11-21
221,1.46574,103.799444,surveyor221@fieldops.io,Surveyor 221,+6580009221,UNAVAILABLE,,On_The_Way,False,7,2.0.1,5,Johor Bahru,Malaysia,2023-12-29,Johor,3,Negotiation,2022-10-22
222,3.186268,101.798188,surveyor222@fieldops.io,Surveyor 222,+6580009222,ON_SITE,,Accepted,True,0,1.0.0,3,Kuala Lumpur,Malaysia,2019-05-05,Kuala Lumpur,1,Negotiation,2021-12-06
223,18.773913,98.9098,surveyor223@fieldops.io,Surveyor 223,+6580009223,ON_SITE,,Working,False,6,1.0.0,3,Chiang Mai,Thailand,2024-04-08,Chiang Mai,1,Repair Network,2021-09-16
224,14.520542,121.074689,surveyor224@fieldops.io,Surveyor 224,+6580009224,INSPECTION_DONE,,Pending,False,6,1.1.3,8,Manila,Philippines,2023-03-11,Metro Manila,3,"Photo,Estimate",2021-09-12
225,-6.122005,106.852349,surveyor225@fieldops.io,Surveyor 225,+6580009225,ASSIGNED,,Closed,False,6,1.2.5,6,Jakarta,Indonesia,2019-06-10,DKI Jakarta,4,"Photo,Estimate",2020-01-07
226,-7.229607,112.644365,surveyor226@fieldops.io,Surveyor 226,+6580009226,ASSIGNED,,Closed,False,5,2.0.1,4,Surabaya,Indonesia,2020-01-13,East Java,3,"Photo,Estimate",2022-07-09
227,14.72409,120.900992,surveyor227@fieldops.io,Surveyor 227,+6580009227,UNAVAILABLE,,Closed,False,5,1.2.5,6,Manila,Philippines,2024-05-07,Metro Manila,5,All Rounder,2021-02-21
228,7.921264,98.367955,surveyor228@fieldops.io,Surveyor 228,+6580009228,AVAILABLE,,Closed,False,0,2.0.1,5,Phuket,Thailand,2023-06-19,Phuket,1,Repair Network,2023-10-07
229,-7.190743,112.693223,surveyor229@fieldops.io,Surveyor 229,+6580009229,UNAVAILABLE,,Pending,False,0,1.0.0,5,Surabaya,Indonesia,2024-05-13,East Java,2,"Photo,Estimate",2020-01-18
230,1.465496,103.882711,surveyor230@fieldops.io,Surveyor 230,+6580009230,UNAVAILABLE,,Accepted,False,4,1.0.0,9,Singapore,Singapore,2024-11-16,Central,5,Negotiation,2020-01-25
231,1.503418,103.785537,surveyor231@fieldops.io,Surveyor 231,+6580009231,INSPECTION_DONE,,Closed,False,2,1.1.3,4,Johor Bahru,Malaysia,2019-02-27,Johor,2,"Photo,Estimate",2025-05-18
232,18.807815,98.989456,surveyor232@fieldops.io,Surveyor 232,+6580009232,AVAILABLE,,Pending,False,2,1.0.0,5,Chiang Mai,Thailand,2019-10-25,Chiang Mai,5,Report,2023-07-04
233,8.034074,98.489057,surveyor233@fieldops.io,Surveyor 233,+6580009233,AVAILABLE,,Closed,False,7,2.0.1,5,Phuket,Thailand,2023-11-23,Phuket,5,Repair Network,2020-12-12
234,3.232791,101.635838,surveyor234@fieldops.io,Surveyor 234,+6580009234,ASSIGNED,,On_The_Way,True,3,1.1.3,8,Kuala Lumpur,Malaysia,2024-12-09,Kuala Lumpur,5,Negotiation,2020-07-01
235,18.709158,99.09196,surveyor235@fieldops.io,Surveyor 235,+6580009235,ON_SITE,,Working,False,1,1.2.5,4,Chiang Mai,Thailand,2019-05-25,Chiang Mai,3,Report,2024-09-12
236,14.593126,120.945915,surveyor236@fieldops.io,Surveyor 236,+6580009236,ASSIGNED,,Accepted,False,2,1.0.0,8,Manila,Philippines,2022-07-23,Metro Manila,1,Report,2019-07-22
237,1.353128,103.983468,surveyor237@fieldops.io,Surveyor 237,+6580009237,INSPECTION_DONE,,On_The_Way,False,7,1.1.3,5,Singapore,Singapore,2022-12-04,Central,4,Repair Network,2023-01-02
238,14.604469,120.997821,surveyor238@fieldops.io,Surveyor 238,+6580009238,INSPECTION_DONE,,Closed,False,6,1.2.5,6,Manila,Philippines,2019-03-22,Metro Manila,5,Negotiation,2022-04-28
239,-6.023237,106.858163,surveyor239@fieldops.io,Surveyor 239,+6580009239,UNAVAILABLE,,On_The_Way,False,7,1.0.0,8,Jakarta,Indonesia,2020-10-29,DKI Jakarta,2,All Rounder,2020-02-14
240,1.293403,103.696222,surveyor240@fieldops.io,Surveyor 240,+6580009240,INSPECTION_DONE,,Pending,False,0,1.1.3,10,Singapore,Singapore,2022-05-19,Central,5,"Photo,Estimate",2021-02-10
241,1.473081,103.698971,surveyor241@fieldops.io,Surveyor 241,+6580009241,AVAILABLE,,Working,False,0,2.0.1,4,Johor Bahru,Malaysia,2023-11-02,Johor,4,All Rounder,2019-11-14
242,7.954884,98.363312,surveyor242@fieldops.io,Surveyor 242,+6580009242,UNAVAILABLE,,Accepted,False,5,2.0.1,4,Phuket,Thailand,2020-08-29,Phuket,5,"Photo,Estimate",2020-09-25
243,1.464956,103.801492,surveyor243@fieldops.io,Surveyor 243,+6580009243,INSPECTION_DONE,,Accepted,False,5,1.0.0,4,Singapore,Singapore,2020-04-22,Central,1,Repair Network,2025-06-03
244,-7.236307,112.634182,surveyor244@fieldops.io,Surveyor 244,+6580009244,UNAVAILABLE,,Closed,False,1,1.2.5,5,Surabaya,Indonesia,2023-10-31,East Java,2,"Photo,Estimate",2022-02-05
245,7.969029,98.289867,surveyor245@fieldops.io,Surveyor 245,+6580009245,INSPECTION_DONE,,Accepted,False,1,1.1.3,10,Phuket,Thailand,2022-01-12,Phuket,2,All Rounder,2024-07-28
246,7.882565,98.364014,surveyor246@fieldops.io,Surveyor 246,+6580009246,AVAILABLE,,On_The_Way,False,3,1.2.5,9,Phuket,Thailand,2024-12-21,Phuket,5,Report,2020-02-11
247,14.648637,121.014647,surveyor247@fieldops.io,Surveyor 247,+6580009247,UNAVAILABLE,,Accepted,False,0,2.0.1,10,Manila,Philippines,2020-08-18,Metro Manila,1,Negotiation,2020-07-21
248,18.774478,98.911162,surveyor248@fieldops.io,Surveyor 248,+6580009248,INSPECTION_DONE,,Accepted,True,4,1.1.3,7,Chiang Mai,Thailand,2024-12-12,Chiang Mai,5,Negotiation,2021-02-10
249,1.492818,103.776271,surveyor249@fieldops.io,Surveyor 249,+6580009249,INSPECTION_DONE,,Pending,False,5,1.0.0,9,Johor Bahru,Malaysia,2019-04-24,Johor,1,"Photo,Estimate",2021-06-01
250,3.074681,101.689373,surveyor250@fieldops.io,Surveyor 250,+6580009250,ASSIGNED,,On_The_Way,False,4,1.2.5,7,Kuala Lumpur,Malaysia,2019-07-13,Kuala Lumpur,1,Repair Network,2022-04-28
251,7.932162,98.351547,surveyor251@fieldops.io,Surveyor 251,+6580009251,UNAVAILABLE,,Accepted,False,5,1.1.3,7,Phuket,Thailand,2021-11-06,Phuket,3,Negotiation,2022-05-05
252,-6.129596,106.641281,surveyor252@fieldops.io,Surveyor 252,+6580009252,AVAILABLE,,On_The_Way,False,6,1.1.3,6,Jakarta,Indonesia,2020-12-07,DKI Jakarta,5,All Rounder,2020-08-04
253,18.890499,99.017665,surveyor253@fieldops.io,Surveyor 253,+6580009253,INSPECTION_DONE,,Accepted,False,0,2.0.1,9,Chiang Mai,Thailand,2023-05-17,Chiang Mai,4,Negotiation,2020-03-04
254,3.136323,101.725386,surveyor254@fieldops.io,Surveyor 254,+6580009254,ON_SITE,,Closed,False,2,2.0.1,3,Kuala Lumpur,Malaysia,2022-05-24,Kuala Lumpur,1,All Rounder,2019-11-27
255,-7.346388,112.820295,surveyor255@fieldops.io,Surveyor 255,+6580009255,AVAILABLE,,Closed,False,5,2.0.1,7,Surabaya,Indonesia,2019-08-05,East Java,4,Report,2021-08-07
256,5.4148,100.293678,surveyor256@fieldops.io,Surveyor 256,+6580009256,ON_SITE,,Pending,False,2,2.0.1,9,Penang,Malaysia,2021-05-23,Penang,4,Negotiation,2021-05-07
257,18.766798,98.989103,surveyor257@fieldops.io,Surveyor 257,+6580009257,INSPECTION_DONE,,Pending,False,6,1.2.5,10,Chiang Mai,Thailand,2022-10-06,Chiang Mai,3,"Photo,Estimate",2023-09-06
258,1.513372,103.723527,surveyor258@fieldops.io,Surveyor 258,+6580009258,AVAILABLE,,Closed,False,7,1.0.0,10,Johor Bahru,Malaysia,2021-02-22,Johor,2,Repair Network,2020-02-03
259,1.500095,103.738878,surveyor259@fieldops.io,Surveyor 259,+6580009259,ASSIGNED,,Working,False,4,1.2.5,8,Johor Bahru,Malaysia,2021-07-10,Johor,1,"Photo,Estimate",2024-02-18
260,-7.238703,112.894606,surveyor260@fieldops.io,Surveyor 260,+6580009260,INSPECTION_DONE,,Pending,False,2,1.0.0,5,Surabaya,Indonesia,2023-10-01,East Java,3,Report,2023-07-15
261,5.403353,100.412649,surveyor261@fieldops.io,Surveyor 261,+6580009261,ON_SITE,,Working,False,3,1.0.0,9,Penang,Malaysia,2020-09-25,Penang,5,All Rounder,2024-08-29
262,1.321789,103.797936,surveyor262@fieldops.io,Surveyor 262,+6580009262,AVAILABLE,,Accepted,False,3,2.0.1,10,Singapore,Singapore,2024-02-26,Central,3,Repair Network,2020-12-21
263,-6.129734,106.737516,surveyor263@fieldops.io,Surveyor 263,+6580009263,ON_SITE,,On_The_Way,False,7,1.1.3,5,Jakarta,Indonesia,2020-11-22,DKI Jakarta,4,Report,2024-01-27
264,1.483083,103.690706,surveyor264@fieldops.io,Surveyor 264,+6580009264,UNAVAILABLE,,Pending,False,5,1.1.3,8,Johor Bahru,Malaysia,2021-09-09,Johor,4,Negotiation,2024-09-18
265,1.506657,103.644002,surveyor265@fieldops.io,Surveyor 265,+6580009265,INSPECTION_DONE,,Working,True,0,1.0.0,4,Johor Bahru,Malaysia,2024-07-23,Johor,5,Negotiation,2021-02-10
266,13.692757,100.427915,surveyor266@fieldops.io,Surveyor 266,+6580009266,ASSIGNED,,Accepted,False,4,1.1.3,4,Bangkok,Thailand,2021-06-10,Bangkok,4,All Rounder,2020-09-15
267,7.811572,98.204248,surveyor267@fieldops.io,Surveyor 267,+6580009267,AVAILABLE,,Working,False,5,1.1.3,5,Phuket,Thailand,2020-01-03,Phuket,4,Repair Network,2022-09-23
268,-6.067569,106.669806,surveyor268@fieldops.io,Surveyor 268,+6580009268,AVAILABLE,,On_The_Way,False,6,1.1.3,10,Jakarta,Indonesia,2023-02-05,DKI Jakarta,4,"Photo,Estimate",2023-08-02
269,-6.277742,106.770545,surveyor269@fieldops.io,Surveyor 269,+6580009269,INSPECTION_DONE,,Working,True,2,1.1.3,10,Jakarta,Indonesia,2023-05-14,DKI Jakarta,1,Repair Network,2023-10-27
270,13.725937,100.380523,surveyor270@fieldops.io,Surveyor 270,+6580009270,ON_SITE,,Closed,False,0,1.2.5,8,Bangkok,Thailand,2019-05-16,Bangkok,1,Repair Network,2022-04-10
271,7.970816,98.381044,surveyor271@fieldops.io,Surveyor 271,+6580009271,ASSIGNED,,On_The_Way,False,4,1.2.5,10,Phuket,Thailand,2022-03-13,Phuket,2,All Rounder,2022-08-21
272,8.059296,98.35863,surveyor272@fieldops.io,Surveyor 272,+6580009272,UNAVAILABLE,,Closed,True,5,2.0.1,3,Phuket,Thailand,2023-10-29,Phuket,1,All Rounder,2021-08-02
273,-6.139032,106.91655,surveyor273@fieldops.io,Surveyor 273,+6580009273,ON_SITE,,Accepted,True,4,2.0.1,9,Jakarta,Indonesia,2022-10-17,DKI Jakarta,2,Repair Network,2023-11-03
274,1.52177,103.791522,surveyor274@fieldops.io,Surveyor 274,+6580009274,ASSIGNED,,Pending,True,5,1.0.0,10,Johor Bahru,Malaysia,2023-08-22,Johor,3,All Rounder,2025-04-01
275,1.435738,103.842366,surveyor275@fieldops.io,Surveyor 275,+6580009275,AVAILABLE,,Working,False,5,1.0.0,7,Singapore,Singapore,2022-12-24,Central,2,All Rounder,2023-08-22
276,7.928142,98.39738,surveyor276@fieldops.io,Surveyor 276,+6580009276,ASSIGNED,,On_The_Way,False,6,1.1.3,7,Phuket,Thailand,2021-01-27,Phuket,4,Repair Network,2024-10-21
277,13.653034,100.360736,surveyor277@fieldops.io,Surveyor 277,+6580009277,ASSIGNED,,Accepted,False,4,1.0.0,8,Bangkok,Thailand,2020-09-21,Bangkok,4,All Rounder,2024-06-20
278,1.53627,103.689303,surveyor278@fieldops.io,Surveyor 278,+6580009278,INSPECTION_DONE,,On_The_Way,False,4,1.0.0,5,Johor Bahru,Malaysia,2024-10-05,Johor,2,"Photo,Estimate",2019-05-06
279,3.12953,101.576189,surveyor279@fieldops.io,Surveyor 279,+6580009279,INSPECTION_DONE,,On_The_Way,False,1,1.0.0,4,Kuala Lumpur,Malaysia,2021-02-16,Kuala Lumpur,2,All Rounder,2021-01-29
280,3.172327,101.638475,surveyor280@fieldops.io,Surveyor 280,+6580009280,AVAILABLE,,Working,False,3,1.2.5,5,Kuala Lumpur,Malaysia,2022-11-07,Kuala Lumpur,3,Report,2023-01-15
281,13.850708,100.694634,surveyor281@fieldops.io,Surveyor 281,+6580009281,ASSIGNED,,Closed,True,7,1.0.0,9,Bangkok,Thailand,2023-06-28,Bangkok,3,All Rounder,2019-10-02
282,3.132889,101.710685,surveyor282@fieldops.io,Surveyor 282,+6580009282,AVAILABLE,,Accepted,True,3,2.0.1,8,Kuala Lumpur,Malaysia,2020-05-18,Kuala Lumpur,1,Report,2022-07-01
283,18.845731,98.943632,surveyor283@fieldops.io,Surveyor 283,+6580009283,ASSIGNED,,On_The_Way,True,3,2.0.1,5,Chiang Mai,Thailand,2021-01-27,Chiang Mai,1,"Photo,Estimate",2024-09-01
284,-7.309365,112.700011,surveyor284@fieldops.io,Surveyor 284,+6580009284,INSPECTION_DONE,,On_The_Way,False,3,1.1.3,4,Surabaya,Indonesia,2024-12-10,East Java,2,Repair Network,2020-01-26
285,7.988731,98.329003,surveyor285@fieldops.io,Surveyor 285,+6580009285,ON_SITE,,Accepted,False,0,1.0.0,4,Phuket,Thailand,2019-07-17,Phuket,5,All Rounder,2023-07-12
286,1.526055,103.631975,surveyor286@fieldops.io,Surveyor 286,+6580009286,INSPECTION_DONE,,On_The_Way,True,2,1.1.3,3,Johor Bahru,Malaysia,2021-05-09,Johor,5,All Rounder,2023-12-05
287,1.290852,103.630498,surveyor287@fieldops.io,Surveyor 287,+6580009287,ASSIGNED,,Pending,False,7,1.1.3,9,Singapore,Singapore,2019-10-13,Central,3,All Rounder,2024-11-22
288,8.042171,98.276927,surveyor288@fieldops.io,Surveyor 288,+6580009288,INSPECTION_DONE,,Accepted,True,1,2.0.1,8,Phuket,Thailand,2021-04-18,Phuket,3,All Rounder,2022-12-22
289,8.041813,98.487957,surveyor289@fieldops.io,Surveyor 289,+6580009289,AVAILABLE,,Accepted,False,4,1.0.0,6,Phuket,Thailand,2022-06-03,Phuket,2,All Rounder,2025-06-03
290,-7.288087,112.886425,surveyor290@fieldops.io,Surveyor 290,+6580009290,ASSIGNED,,Working,False,7,1.0.0,10,Surabaya,Indonesia,2020-09-10,East Java,4,Negotiation,2023-11-21
291,13.656852,100.611477,surveyor291@fieldops.io,Surveyor 291,+6580009291,INSPECTION_DONE,,Working,True,1,1.1.3,9,Bangkok,Thailand,2019-06-18,Bangkok,5,Repair Network,2020-10-21
292,5.304821,100.491202,surveyor292@fieldops.io,Surveyor 292,+6580009292,ASSIGNED,,Pending,False,5,1.2.5,4,Penang,Malaysia,2023-04-15,Penang,1,Report,2020-05-17
293,-7.156907,112.723066,surveyor293@fieldops.io,Surveyor 293,+6580009293,ON_SITE,,Closed,True,0,1.1.3,4,Surabaya,Indonesia,2020-11-12,East Java,2,Repair Network,2020-09-21
294,13.757017,100.334065,surveyor294@fieldops.io,Surveyor 294,+6580009294,AVAILABLE,,On_The_Way,False,5,1.2.5,8,Bangkok,Thailand,2024-08-15,Bangkok,2,All Rounder,2022-09-18
295,1.222105,103.643595,surveyor295@fieldops.io,Surveyor 295,+6580009295,UNAVAILABLE,,Accepted,False,2,1.2.5,4,Singapore,Singapore,2020-04-20,Central,4,"Photo,Estimate",2021-11-27
296,14.622955,120.92978,surveyor296@fieldops.io,Surveyor 296,+6580009296,ASSIGNED,,Pending,False,6,1.0.0,10,Manila,Philippines,2023-08-06,Metro Manila,5,Report,2021-04-25
297,-7.202349,112.706884,surveyor297@fieldops.io,Surveyor 297,+6580009297,ON_SITE,,Pending,False,2,1.0.0,9,Surabaya,Indonesia,2022-02-06,East Java,3,"Photo,Estimate",2020-07-26
298,13.62684,100.410409,surveyor298@fieldops.io,Surveyor 298,+6580009298,AVAILABLE,,Working,False,7,1.0.0,6,Bangkok,Thailand,2020-03-14,Bangkok,4,"Photo,Estimate",2025-03-09
299,-6.287904,106.951323,surveyor299@fieldops.io,Surveyor 299,+6580009299,UNAVAILABLE,,Accepted,False,0,1.1.3,7,Jakarta,Indonesia,2019-03-03,DKI Jakarta,5,Negotiation,2023-08-22
300,14.635457,120.958567,surveyor300@fieldops.io,Surveyor 300,+6580009300,AVAILABLE,,Working,True,4,1.0.0,9,Manila,Philippines,2019-11-02,Metro Manila,1,Negotiation,2021-09-01
301,8.027514,98.452773,surveyor301@fieldops.io,Surveyor 301,+6580009301,ON_SITE,,Pending,False,7,2.0.1,5,Phuket,Thailand,2019-05-31,Phuket,3,"Photo,Estimate",2024-02-19
302,1.491757,103.627673,surveyor302@fieldops.io,Surveyor 302,+6580009302,UNAVAILABLE,,Working,False,6,2.0.1,3,Johor Bahru,Malaysia,2023-07-23,Johor,1,Negotiation,2025-07-27
303,13.631925,100.330005,surveyor303@fieldops.io,Surveyor 303,+6580009303,INSPECTION_DONE,,Pending,False,7,2.0.1,4,Bangkok,Thailand,2024-07-07,Bangkok,1,Repair Network,2020-12-18
304,-7.305225,112.63394,surveyor304@fieldops.io,Surveyor 304,+6580009304,INSPECTION_DONE,,Working,False,7,2.0.1,6,Surabaya,Indonesia,2019-01-22,East Java,5,Report,2020-06-11
305,13.769513,100.636962,surveyor305@fieldops.io,Surveyor 305,+6580009305,ASSIGNED,,On_The_Way,True,2,1.0.0,8,Bangkok,Thailand,2022-05-10,Bangkok,2,All Rounder,2019-10-19
306,3.225941,101.564383,surveyor306@fieldops.io,Surveyor 306,+6580009306,ON_SITE,,On_The_Way,False,2,1.0.0,4,Kuala Lumpur,Malaysia,2020-08-07,Kuala Lumpur,2,Repair Network,2023-10-27
307,18.701987,98.918817,surveyor307@fieldops.io,Surveyor 307,+6580009307,ASSIGNED,,Working,True,1,1.2.5,6,Chiang Mai,Thailand,2019-07-22,Chiang Mai,5,Repair Network,2025-04-23
308,3.053598,101.676979,surveyor308@fieldops.io,Surveyor 308,+6580009308,INSPECTION_DONE,,Closed,True,2,1.2.5,7,Kuala Lumpur,Malaysia,2021-06-06,Kuala Lumpur,3,Negotiation,2020-10-04
309,-6.188779,106.680317,surveyor309@fieldops.io,Surveyor 309,+6580009309,UNAVAILABLE,,Working,True,4,2.0.1,4,Jakarta,Indonesia,2019-12-22,DKI Jakarta,5,Report,2023-05-02
310,5.372402,100.485307,surveyor310@fieldops.io,Surveyor 310,+6580009310,AVAILABLE,,Closed,False,3,1.2.5,7,Penang,Malaysia,2021-01-07,Penang,5,"Photo,Estimate",2022-10-02
311,18.796342,99.088721,surveyor311@fieldops.io,Surveyor 311,+6580009311,ASSIGNED,,Accepted,False,4,1.1.3,8,Chiang Mai,Thailand,2019-03-07,Chiang Mai,1,All Rounder,2022-03-07
312,18.782379,99.07646,surveyor312@fieldops.io,Surveyor 312,+6580009312,AVAILABLE,,Pending,False,3,1.1.3,10,Chiang Mai,Thailand,2021-12-29,Chiang Mai,4,All Rounder,2025-02-03
313,13.76352,100.460589,surveyor313@fieldops.io,Surveyor 313,+6580009313,INSPECTION_DONE,,Accepted,False,3,1.1.3,3,Bangkok,Thailand,2019-10-13,Bangkok,4,Report,2019-11-14
314,1.394344,103.991405,surveyor314@fieldops.io,Surveyor 314,+6580009314,AVAILABLE,,Closed,False,1,2.0.1,10,Singapore,Singapore,2024-08-18,Central,1,Repair Network,2024-03-01
315,7.961951,98.326895,surveyor315@fieldops.io,Surveyor 315,+6580009315,UNAVAILABLE,,Accepted,False,6,1.0.0,5,Phuket,Thailand,2024-04-18,Phuket,4,Repair Network,2020-07-18
316,7.876753,98.42617,surveyor316@fieldops.io,Surveyor 316,+6580009316,UNAVAILABLE,,Closed,False,4,1.0.0,6,Phuket,Thailand,2023-06-27,Phuket,3,All Rounder,2020-11-07
317,1.495094,103.637458,surveyor317@fieldops.io,Surveyor 317,+6580009317,INSPECTION_DONE,,Accepted,False,3,1.2.5,5,Johor Bahru,Malaysia,2019-07-20,Johor,5,Negotiation,2021-12-10
318,7.928432,98.482723,surveyor318@fieldops.io,Surveyor 318,+6580009318,AVAILABLE,,On_The_Way,False,6,1.1.3,3,Phuket,Thailand,2023-02-24,Phuket,4,All Rounder,2020-07-10
319,14.712946,120.962102,surveyor319@fieldops.io,Surveyor 319,+6580009319,INSPECTION_DONE,,Pending,False,0,1.2.5,10,Manila,Philippines,2023-11-02,Metro Manila,1,Repair Network,2023-11-19
320,13.761873,100.693885,surveyor320@fieldops.io,Surveyor 320,+6580009320,ASSIGNED,,On_The_Way,False,2,1.1.3,4,Bangkok,Thailand,2019-04-09,Bangkok,2,All Rounder,2023-11-19
321,7.830078,98.300586,surveyor321@fieldops.io,Surveyor 321,+6580009321,ON_SITE,,On_The_Way,False,0,1.2.5,5,Phuket,Thailand,2023-06-24,Phuket,2,Report,2020-07-14
322,-6.027945,106.806775,surveyor322@fieldops.io,Surveyor 322,+6580009322,AVAILABLE,,Pending,False,0,2.0.1,6,Jakarta,Indonesia,2019-06-20,DKI Jakarta,4,Repair Network,2022-04-29
323,-6.145862,106.649742,surveyor323@fieldops.io,Surveyor 323,+6580009323,AVAILABLE,,On_The_Way,True,6,1.2.5,8,Jakarta,Indonesia,2024-12-08,DKI Jakarta,2,Negotiation,2022-09-05
324,14.610584,120.95307,surveyor324@fieldops.io,Surveyor 324,+6580009324,INSPECTION_DONE,,Pending,False,5,1.1.3,4,Manila,Philippines,2022-08-03,Metro Manila,4,All Rounder,2020-02-05
325,14.50998,121.073715,surveyor325@fieldops.io,Surveyor 325,+6580009325,ASSIGNED,,Pending,False,2,2.0.1,10,Manila,Philippines,2023-03-21,Metro Manila,5,All Rounder,2021-07-01
326,3.086861,101.739592,surveyor326@fieldops.io,Surveyor 326,+6580009326,ASSIGNED,,Working,False,7,2.0.1,6,Kuala Lumpur,Malaysia,2021-04-14,Kuala Lumpur,1,Repair Network,2025-09-12
327,13.756816,100.387036,surveyor327@fieldops.io,Surveyor 327,+6580009327,UNAVAILABLE,,On_The_Way,False,4,1.0.0,7,Bangkok,Thailand,2024-09-03,Bangkok,4,"Photo,Estimate",2023-01-05
328,1.302457,103.873328,surveyor328@fieldops.io,Surveyor 328,+6580009328,ON_SITE,,Accepted,False,0,2.0.1,4,Singapore,Singapore,2021-03-29,Central,3,All Rounder,2023-10-02
329,14.670823,120.971483,surveyor329@fieldops.io,Surveyor 329,+6580009329,INSPECTION_DONE,,Closed,False,5,1.0.0,5,Manila,Philippines,2020-12-18,Metro Manila,3,Negotiation,2022-01-20
330,5.302637,100.295332,surveyor330@fieldops.io,Surveyor 330,+6580009330,AVAILABLE,,Closed,False,6,2.0.1,7,Penang,Malaysia,2024-09-17,Penang,1,All Rounder,2023-05-08
331,5.461196,100.282936,surveyor331@fieldops.io,Surveyor 331,+6580009331,UNAVAILABLE,,Closed,True,3,1.1.3,9,Penang,Malaysia,2019-05-08,Penang,3,All Rounder,2024-04-08
332,5.356114,100.339805,surveyor332@fieldops.io,Surveyor 332,+6580009332,INSPECTION_DONE,,On_The_Way,False,4,1.0.0,10,Penang,Malaysia,2023-09-20,Penang,4,Negotiation,2022-11-04
333,8.014581,98.454943,surveyor333@fieldops.io,Surveyor 333,+6580009333,UNAVAILABLE,,Accepted,False,0,2.0.1,5,Phuket,Thailand,2021-06-17,Phuket,4,Report,2021-03-13
334,5.407479,100.231401,surveyor334@fieldops.io,Surveyor 334,+6580009334,AVAILABLE,,Pending,True,7,1.0.0,4,Penang,Malaysia,2020-09-16,Penang,2,Negotiation,2019-11-14
335,-6.232008,106.720034,surveyor335@fieldops.io,Surveyor 335,+6580009335,INSPECTION_DONE,,Pending,True,5,1.2.5,6,Jakarta,Indonesia,2023-11-08,DKI Jakarta,4,"Photo,Estimate",2024-07-25
336,3.073315,101.772673,surveyor336@fieldops.io,Surveyor 336,+6580009336,INSPECTION_DONE,,Closed,False,1,2.0.1,9,Kuala Lumpur,Malaysia,2023-08-23,Kuala Lumpur,4,"Photo,Estimate",2019-04-03
337,8.068088,98.390112,surveyor337@fieldops.io,Surveyor 337,+6580009337,ON_SITE,,On_The_Way,False,2,2.0.1,10,Phuket,Thailand,2023-03-19,Phuket,3,"Photo,Estimate",2023-03-30
338,1.394591,104.002196,surveyor338@fieldops.io,Surveyor 338,+6580009338,UNAVAILABLE,,Accepted,True,7,1.1.3,4,Singapore,Singapore,2022-07-02,Central,2,All Rounder,2020-06-10
339,14.57994,121.017765,surveyor339@fieldops.io,Surveyor 339,+6580009339,ASSIGNED,,Accepted,True,6,2.0.1,6,Manila,Philippines,2021-04-22,Metro Manila,5,Report,2020-09-03
340,8.025106,98.390997,surveyor340@fieldops.io,Surveyor 340,+6580009340,INSPECTION_DONE,,Working,False,5,1.1.3,10,Phuket,Thailand,2021-08-08,Phuket,3,Repair Network,2020-07-17
341,5.365705,100.424725,surveyor341@fieldops.io,Surveyor 341,+6580009341,ASSIGNED,,On_The_Way,True,1,2.0.1,5,Penang,Malaysia,2022-04-27,Penang,5,Repair Network,2022-07-22
342,-7.328223,112.641608,surveyor342@fieldops.io,Surveyor 342,+6580009342,UNAVAILABLE,,On_The_Way,False,4,1.0.0,6,Surabaya,Indonesia,2023-06-08,East Java,5,Negotiation,2025-08-23
343,7.803127,98.284878,surveyor343@fieldops.io,Surveyor 343,+6580009343,UNAVAILABLE,,Accepted,False,0,1.2.5,5,Phuket,Thailand,2019-06-08,Phuket,2,All Rounder,2024-04-20
344,18.727343,98.996916,surveyor344@fieldops.io,Surveyor 344,+6580009344,AVAILABLE,,On_The_Way,False,6,2.0.1,8,Chiang Mai,Thailand,2024-07-03,Chiang Mai,4,Negotiation,2024-02-10
345,18.721193,99.098082,surveyor345@fieldops.io,Surveyor 345,+6580009345,ON_SITE,,Closed,False,6,1.1.3,8,Chiang Mai,Thailand,2023-01-31,Chiang Mai,5,Negotiation,2020-12-06
346,14.503293,120.955544,surveyor346@fieldops.io,Surveyor 346,+6580009346,ON_SITE,,Working,False,5,1.2.5,3,Manila,Philippines,2019-01-06,Metro Manila,3,"Photo,Estimate",2020-06-29
347,1.316381,103.978004,surveyor347@fieldops.io,Surveyor 347,+6580009347,INSPECTION_DONE,,On_The_Way,False,0,1.1.3,10,Singapore,Singapore,2020-04-17,Central,2,"Photo,Estimate",2022-06-15
348,1.348007,103.697226,surveyor348@fieldops.io,Surveyor 348,+6580009348,INSPECTION_DONE,,On_The_Way,False,6,1.2.5,7,Singapore,Singapore,2022-05-19,Central,4,Repair Network,2021-07-07
349,7.855146,98.464524,surveyor349@fieldops.io,Surveyor 349,+6580009349,UNAVAILABLE,,On_The_Way,True,2,1.0.0,10,Phuket,Thailand,2022-04-25,Phuket,2,All Rounder,2020-10-12
350,13.754237,100.447386,surveyor350@fieldops.io,Surveyor 350,+6580009350,UNAVAILABLE,,Pending,True,7,1.1.3,6,Bangkok,Thailand,2019-01-02,Bangkok,3,Negotiation,2021-08-31
351,-6.259355,106.679369,surveyor351@fieldops.io,Surveyor 351,+6580009351,INSPECTION_DONE,,Accepted,False,2,1.0.0,5,Jakarta,Indonesia,2023-03-31,DKI Jakarta,5,Negotiation,2025-04-21
352,3.14757,101.798356,surveyor352@fieldops.io,Surveyor 352,+6580009352,ON_SITE,,Pending,False,3,2.0.1,8,Kuala Lumpur,Malaysia,2023-05-26,Kuala Lumpur,3,Repair Network,2024-11-17
353,3.124716,101.766005,surveyor353@fieldops.io,Surveyor 353,+6580009353,ON_SITE,,Accepted,False,3,1.1.3,5,Kuala Lumpur,Malaysia,2020-01-19,Kuala Lumpur,3,Repair Network,2020-12-29
354,5.497074,100.475168,surveyor354@fieldops.io,Surveyor 354,+6580009354,ON_SITE,,On_The_Way,False,0,1.0.0,6,Penang,Malaysia,2020-08-19,Penang,3,All Rounder,2023-04-25
355,3.227715,101.747577,surveyor355@fieldops.io,Surveyor 355,+6580009355,AVAILABLE,,Closed,False,3,2.0.1,4,Kuala Lumpur,Malaysia,2023-11-21,Kuala Lumpur,1,"Photo,Estimate",2023-11-13
356,1.423697,103.988184,surveyor356@fieldops.io,Surveyor 356,+6580009356,AVAILABLE,,Working,False,5,1.1.3,5,Singapore,Singapore,2024-03-07,Central,2,Repair Network,2023-12-14
357,1.534877,103.738348,surveyor357@fieldops.io,Surveyor 357,+6580009357,INSPECTION_DONE,,Closed,True,6,1.0.0,10,Johor Bahru,Malaysia,2020-03-19,Johor,4,Negotiation,2024-05-27
358,14.711174,121.081947,surveyor358@fieldops.io,Surveyor 358,+6580009358,UNAVAILABLE,,Closed,False,3,1.1.3,8,Manila,Philippines,2022-03-29,Metro Manila,5,All Rounder,2021-11-11
359,1.439777,103.948037,surveyor359@fieldops.io,Surveyor 359,+6580009359,ASSIGNED,,Working,False,6,1.1.3,9,Singapore,Singapore,2021-04-02,Central,1,"Photo,Estimate",2019-10-10
360,1.46487,103.94044,surveyor360@fieldops.io,Surveyor 360,+6580009360,ASSIGNED,,Working,True,6,2.0.1,6,Singapore,Singapore,2024-01-09,Central,5,All Rounder,2022-06-28
361,1.479143,103.716746,surveyor361@fieldops.io,Surveyor 361,+6580009361,ON_SITE,,On_The_Way,False,2,1.2.5,8,Johor Bahru,Malaysia,2024-05-06,Johor,4,Repair Network,2021-05-10
362,1.235952,103.853588,surveyor362@fieldops.io,Surveyor 362,+6580009362,AVAILABLE,,Closed,False,0,2.0.1,8,Singapore,Singapore,2020-09-03,Central,2,Report,2021-11-07
363,14.640391,121.07123,surveyor363@fieldops.io,Surveyor 363,+6580009363,ON_SITE,,On_The_Way,False,2,2.0.1,10,Manila,Philippines,2021-06-03,Metro Manila,4,Repair Network,2023-02-16
364,13.706304,100.570634,surveyor364@fieldops.io,Surveyor 364,+6580009364,AVAILABLE,,Pending,False,0,1.1.3,4,Bangkok,Thailand,2022-06-30,Bangkok,2,Negotiation,2021-09-04
365,1.450952,103.80894,surveyor365@fieldops.io,Surveyor 365,+6580009365,INSPECTION_DONE,,Working,False,1,2.0.1,10,Singapore,Singapore,2021-03-29,Central,2,Repair Network,2022-05-21
366,13.797271,100.560085,surveyor366@fieldops.io,Surveyor 366,+6580009366,AVAILABLE,,Working,False,3,2.0.1,7,Bangkok,Thailand,2023-02-09,Bangkok,1,Report,2022-01-08
367,-7.318876,112.629385,surveyor367@fieldops.io,Surveyor 367,+6580009367,UNAVAILABLE,,Working,False,1,1.2.5,10,Surabaya,Indonesia,2021-06-11,East Java,4,Repair Network,2024-08-17
368,-6.050969,106.866012,surveyor368@fieldops.io,Surveyor 368,+6580009368,INSPECTION_DONE,,Working,True,5,1.0.0,6,Jakarta,Indonesia,2021-09-28,DKI Jakarta,3,Repair Network,2019-11-09
369,3.093338,101.551605,surveyor369@fieldops.io,Surveyor 369,+6580009369,ON_SITE,,Accepted,False,1,1.2.5,7,Kuala Lumpur,Malaysia,2023-01-21,Kuala Lumpur,3,Negotiation,2024-08-08
370,14.543529,121.034188,surveyor370@fieldops.io,Surveyor 370,+6580009370,ON_SITE,,Working,False,3,1.0.0,9,Manila,Philippines,2024-12-18,Metro Manila,4,Report,2024-01-26
371,1.431996,103.840229,surveyor371@fieldops.io,Surveyor 371,+6580009371,INSPECTION_DONE,,On_The_Way,False,4,2.0.1,7,Singapore,Singapore,2024-01-13,Central,5,All Rounder,2020-02-13
372,8.097332,98.304418,surveyor372@fieldops.io,Surveyor 372,+6580009372,ASSIGNED,,Accepted,False,3,2.0.1,4,Phuket,Thailand,2021-09-18,Phuket,1,Repair Network,2025-05-30
373,-6.271855,106.755845,surveyor373@fieldops.io,Surveyor 373,+6580009373,AVAILABLE,,On_The_Way,False,7,2.0.1,8,Jakarta,Indonesia,2019-07-08,DKI Jakarta,5,Repair Network,2022-12-23
374,14.561163,121.067357,surveyor374@fieldops.io,Surveyor 374,+6580009374,ON_SITE,,Accepted,False,4,2.0.1,9,Manila,Philippines,2022-12-08,Metro Manila,1,"Photo,Estimate",2025-05-30
375,-7.19139,112.835032,surveyor375@fieldops.io,Surveyor 375,+6580009375,ON_SITE,,Working,False,2,1.2.5,3,Surabaya,Indonesia,2023-03-31,East Java,4,Report,2025-10-30
376,-7.190366,112.702067,surveyor376@fieldops.io,Surveyor 376,+6580009376,ASSIGNED,,On_The_Way,False,7,1.1.3,7,Surabaya,Indonesia,2022-03-12,East Java,5,Repair Network,2023-12-30
377,18.856308,98.981706,surveyor377@fieldops.io,Surveyor 377,+6580009377,UNAVAILABLE,,Working,False,4,1.0.0,5,Chiang Mai,Thailand,2021-12-18,Chiang Mai,2,All Rounder,2024-01-06
378,7.844004,98.483606,surveyor378@fieldops.io,Surveyor 378,+6580009378,INSPECTION_DONE,,Working,False,4,1.1.3,7,Phuket,Thailand,2023-07-09,Phuket,5,All Rounder,2024-04-27
379,3.054505,101.766644,surveyor379@fieldops.io,Surveyor 379,+6580009379,INSPECTION_DONE,,Closed,False,4,2.0.1,8,Kuala Lumpur,Malaysia,2021-03-29,Kuala Lumpur,3,"Photo,Estimate",2020-05-03
380,5.32036,100.466019,surveyor380@fieldops.io,Surveyor 380,+6580009380,UNAVAILABLE,,Working,False,7,1.2.5,9,Penang,Malaysia,2023-10-13,Penang,1,Negotiation,2023-02-19
381,14.613446,121.04813,surveyor381@fieldops.io,Surveyor 381,+6580009381,ON_SITE,,Working,False,4,1.2.5,5,Manila,Philippines,2019-01-11,Metro Manila,2,Negotiation,2022-05-19
382,7.938215,98.42737,surveyor382@fieldops.io,Surveyor 382,+6580009382,ASSIGNED,,Working,False,1,1.1.3,7,Phuket,Thailand,2024-12-21,Phuket,5,"Photo,Estimate",2020-07-11
383,14.52992,121.011672,surveyor383@fieldops.io,Surveyor 383,+6580009383,ASSIGNED,,On_The_Way,False,2,2.0.1,7,Manila,Philippines,2022-10-29,Metro Manila,2,"Photo,Estimate",2024-02-23
384,5.36792,100.348004,surveyor384@fieldops.io,Surveyor 384,+6580009384,ASSIGNED,,Pending,False,7,1.0.0,5,Penang,Malaysia,2022-12-03,Penang,1,Negotiation,2023-01-20
385,7.997701,98.21574,surveyor385@fieldops.io,Surveyor 385,+6580009385,ASSIGNED,,Working,False,0,1.0.0,4,Phuket,Thailand,2021-03-03,Phuket,5,Repair Network,2019-07-15
386,3.155107,101.591187,surveyor386@fieldops.io,Surveyor 386,+6580009386,UNAVAILABLE,,Accepted,False,1,1.1.3,5,Kuala Lumpur,Malaysia,2021-10-02,Kuala Lumpur,3,Report,2020-02-13
387,18.85573,98.987166,surveyor387@fieldops.io,Surveyor 387,+6580009387,AVAILABLE,,On_The_Way,False,6,1.1.3,3,Chiang Mai,Thailand,2019-07-24,Chiang Mai,5,Report,2024-01-04
388,7.812271,98.467159,surveyor388@fieldops.io,Surveyor 388,+6580009388,INSPECTION_DONE,,Pending,False,6,1.1.3,10,Phuket,Thailand,2020-07-11,Phuket,1,Negotiation,2021-11-27
389,14.523994,120.961364,surveyor389@fieldops.io,Surveyor 389,+6580009389,ASSIGNED,,Pending,False,1,2.0.1,7,Manila,Philippines,2020-12-29,Metro Manila,5,Report,2025-09-29
390,3.12048,101.641321,surveyor390@fieldops.io,Surveyor 390,+6580009390,UNAVAILABLE,,Pending,False,1,1.1.3,8,Kuala Lumpur,Malaysia,2022-01-12,Kuala Lumpur,4,Negotiation,2020-08-29
391,18.842777,98.980484,surveyor391@fieldops.io,Surveyor 391,+6580009391,AVAILABLE,,Closed,True,6,1.0.0,3,Chiang Mai,Thailand,2019-11-15,Chiang Mai,4,Negotiation,2020-04-24
392,7.921557,98.401712,surveyor392@fieldops.io,Surveyor 392,+6580009392,ASSIGNED,,Pending,False,6,2.0.1,4,Phuket,Thailand,2022-01-02,Phuket,5,"Photo,Estimate",2022-03-23
393,14.731134,120.921875,surveyor393@fieldops.io,Surveyor 393,+6580009393,AVAILABLE,,On_The_Way,False,5,1.0.0,6,Manila,Philippines,2023-04-14,Metro Manila,4,Report,2024-10-18
394,7.855663,98.228143,surveyor394@fieldops.io,Surveyor 394,+6580009394,ASSIGNED,,Accepted,False,6,1.0.0,7,Phuket,Thailand,2020-02-26,Phuket,5,Repair Network,2021-08-05
395,1.255149,103.656541,surveyor395@fieldops.io,Surveyor 395,+6580009395,UNAVAILABLE,,Accepted,False,7,1.2.5,7,Singapore,Singapore,2024-10-07,Central,1,Report,2021-12-01
396,14.635218,120.946372,surveyor396@fieldops.io,Surveyor 396,+6580009396,UNAVAILABLE,,On_The_Way,False,3,2.0.1,9,Manila,Philippines,2021-11-26,Metro Manila,1,All Rounder,2024-09-09
397,7.892002,98.334872,surveyor397@fieldops.io,Surveyor 397,+6580009397,ON_SITE,,Pending,False,7,1.1.3,10,Phuket,Thailand,2020-09-13,Phuket,2,Repair Network,2021-10-23
398,-6.250811,106.677037,surveyor398@fieldops.io,Surveyor 398,+6580009398,ASSIGNED,,Accepted,False,3,1.1.3,7,Jakarta,Indonesia,2022-02-20,DKI Jakarta,4,"Photo,Estimate",2024-07-13
399,1.389684,103.621022,surveyor399@fieldops.io,Surveyor 399,+6580009399,UNAVAILABLE,,Working,True,3,1.0.0,10,Singapore,Singapore,2019-05-21,Central,1,All Rounder,2023-06-25
400,-7.322502,112.859467,surveyor400@fieldops.io,Surveyor 400,+6580009400,AVAILABLE,,Accepted,False,4,2.0.1,9,Surabaya,Indonesia,2020-06-23,East Java,4,Negotiation,2019-05-19
401,1.24979,103.881176,surveyor401@fieldops.io,Surveyor 401,+6580009401,UNAVAILABLE,,Pending,True,3,1.1.3,10,Singapore,Singapore,2019-01-16,Central,3,All Rounder,2021-12-04
402,18.795311,98.967512,surveyor402@fieldops.io,Surveyor 402,+6580009402,INSPECTION_DONE,,Pending,False,0,1.1.3,3,Chiang Mai,Thailand,2021-07-16,Chiang Mai,3,All Rounder,2020-02-24
403,3.233681,101.749296,surveyor403@fieldops.io,Surveyor 403,+6580009403,ASSIGNED,,Pending,False,4,2.0.1,7,Kuala Lumpur,Malaysia,2020-11-01,Kuala Lumpur,2,All Rounder,2022-08-31
404,-7.346155,112.695839,surveyor404@fieldops.io,Surveyor 404,+6580009404,ASSIGNED,,On_The_Way,False,5,1.1.3,10,Surabaya,Indonesia,2021-06-30,East Java,3,Repair Network,2021-08-11
405,18.862602,99.07117,surveyor405@fieldops.io,Surveyor 405,+6580009405,ASSIGNED,,Pending,False,0,2.0.1,4,Chiang Mai,Thailand,2020-01-09,Chiang Mai,2,Negotiation,2019-10-08
406,13.613239,100.666584,surveyor406@fieldops.io,Surveyor 406,+6580009406,INSPECTION_DONE,,Accepted,False,3,1.1.3,10,Bangkok,Thailand,2024-10-04,Bangkok,5,All Rounder,2020-11-23
407,13.792463,100.438672,surveyor407@fieldops.io,Surveyor 407,+6580009407,ON_SITE,,On_The_Way,False,6,2.0.1,4,Bangkok,Thailand,2021-12-01,Bangkok,4,Repair Network,2022-10-14
408,1.254624,103.787474,surveyor408@fieldops.io,Surveyor 408,+6580009408,ON_SITE,,Pending,False,0,1.2.5,7,Singapore,Singapore,2019-05-09,Central,5,"Photo,Estimate",2022-03-06
409,8.023067,98.335482,surveyor409@fieldops.io,Surveyor 409,+6580009409,AVAILABLE,,Working,False,5,1.0.0,7,Phuket,Thailand,2020-02-23,Phuket,5,Report,2024-09-28
410,-7.197553,112.800861,surveyor410@fieldops.io,Surveyor 410,+6580009410,INSPECTION_DONE,,Accepted,False,0,1.2.5,10,Surabaya,Indonesia,2020-01-14,East Java,5,All Rounder,2020-07-29
411,1.462514,103.752914,surveyor411@fieldops.io,Surveyor 411,+6580009411,INSPECTION_DONE,,Pending,False,7,1.2.5,3,Johor Bahru,Malaysia,2024-02-07,Johor,3,"Photo,Estimate",2021-11-01
412,5.350465,100.220801,surveyor412@fieldops.io,Surveyor 412,+6580009412,AVAILABLE,,Working,False,1,1.0.0,3,Penang,Malaysia,2024-02-11,Penang,4,"Photo,Estimate",2020-06-20
413,-7.254475,112.849442,surveyor413@fieldops.io,Surveyor 413,+6580009413,ASSIGNED,,Accepted,False,3,1.2.5,9,Surabaya,Indonesia,2020-09-25,East Java,3,All Rounder,2025-08-07
414,13.881601,100.565049,surveyor414@fieldops.io,Surveyor 414,+6580009414,ON_SITE,,Pending,False,3,1.1.3,7,Bangkok,Thailand,2020-06-25,Bangkok,4,"Photo,Estimate",2024-01-11
415,7.821062,98.241551,surveyor415@fieldops.io,Surveyor 415,+6580009415,AVAILABLE,,On_The_Way,False,2,1.0.0,9,Phuket,Thailand,2021-05-23,Phuket,1,All Rounder,2023-11-26
416,13.692733,100.688437,surveyor416@fieldops.io,Surveyor 416,+6580009416,ASSIGNED,,Accepted,False,0,1.0.0,8,Bangkok,Thailand,2024-08-08,Bangkok,4,"Photo,Estimate",2023-03-25
417,1.451185,103.742097,surveyor417@fieldops.io,Surveyor 417,+6580009417,INSPECTION_DONE,,Working,False,6,2.0.1,9,Johor Bahru,Malaysia,2020-03-02,Johor,1,Report,2023-11-29
418,18.766403,99.036886,surveyor418@fieldops.io,Surveyor 418,+6580009418,AVAILABLE,,Accepted,False,1,1.0.0,4,Chiang Mai,Thailand,2022-05-28,Chiang Mai,5,Negotiation,2020-08-30
419,14.697195,120.966258,surveyor419@fieldops.io,Surveyor 419,+6580009419,AVAILABLE,,Accepted,False,1,2.0.1,9,Manila,Philippines,2022-05-11,Metro Manila,2,All Rounder,2024-08-22
420,7.812113,98.224737,surveyor420@fieldops.io,Surveyor 420,+6580009420,INSPECTION_DONE,,Pending,False,0,1.1.3,3,Phuket,Thailand,2021-11-09,Phuket,3,All Rounder,2024-09-27
421,14.614627,121.036152,surveyor421@fieldops.io,Surveyor 421,+6580009421,AVAILABLE,,Working,False,3,1.0.0,10,Manila,Philippines,2022-02-24,Metro Manila,4,"Photo,Estimate",2021-05-25
422,1.533034,103.798703,surveyor422@fieldops.io,Surveyor 422,+6580009422,AVAILABLE,,Closed,True,4,1.1.3,8,Johor Bahru,Malaysia,2024-10-12,Johor,2,All Rounder,2025-04-14
423,3.235939,101.720844,surveyor423@fieldops.io,Surveyor 423,+6580009423,INSPECTION_DONE,,Pending,True,7,1.1.3,8,Kuala Lumpur,Malaysia,2022-09-17,Kuala Lumpur,1,Negotiation,2024-04-23
424,7.967237,98.30581,surveyor424@fieldops.io,Surveyor 424,+6580009424,AVAILABLE,,Pending,False,5,1.2.5,8,Phuket,Thailand,2019-07-29,Phuket,2,Repair Network,2022-05-30
425,5.429811,100.40576,surveyor425@fieldops.io,Surveyor 425,+6580009425,ASSIGNED,,On_The_Way,False,1,1.1.3,9,Penang,Malaysia,2020-08-23,Penang,1,"Photo,Estimate",2023-02-19
426,1.471752,103.710022,surveyor426@fieldops.io,Surveyor 426,+6580009426,ON_SITE,,Closed,False,4,1.0.0,10,Johor Bahru,Malaysia,2019-01-15,Johor,5,Negotiation,2024-02-27
427,-6.005106,106.868901,surveyor427@fieldops.io,Surveyor 427,+6580009427,ON_SITE,,Accepted,False,0,1.0.0,4,Jakarta,Indonesia,2021-12-07,DKI Jakarta,5,"Photo,Estimate",2025-07-07
428,-7.169756,112.7412,surveyor428@fieldops.io,Surveyor 428,+6580009428,UNAVAILABLE,,On_The_Way,False,7,1.2.5,6,Surabaya,Indonesia,2023-09-26,East Java,3,All Rounder,2025-02-24
429,-6.013199,106.918786,surveyor429@fieldops.io,Surveyor 429,+6580009429,UNAVAILABLE,,Closed,True,0,1.2.5,10,Jakarta,Indonesia,2021-11-12,DKI Jakarta,3,Negotiation,2020-02-18
430,14.61762,121.036618,surveyor430@fieldops.io,Surveyor 430,+6580009430,UNAVAILABLE,,On_The_Way,False,4,2.0.1,3,Manila,Philippines,2022-04-22,Metro Manila,2,All Rounder,2022-06-17
431,3.218059,101.760372,surveyor431@fieldops.io,Surveyor 431,+6580009431,UNAVAILABLE,,Pending,False,7,1.1.3,9,Kuala Lumpur,Malaysia,2022-12-02,Kuala Lumpur,4,"Photo,Estimate",2020-04-30
432,-7.177647,112.699399,surveyor432@fieldops.io,Surveyor 432,+6580009432,INSPECTION_DONE,,Closed,False,6,1.2.5,7,Surabaya,Indonesia,2019-11-24,East Java,5,"Photo,Estimate",2021-10-09
433,3.183168,101.606889,surveyor433@fieldops.io,Surveyor 433,+6580009433,ASSIGNED,,Pending,False,5,1.2.5,10,Kuala Lumpur,Malaysia,2021-09-21,Kuala Lumpur,3,Repair Network,2021-04-03
434,14.628725,121.085486,surveyor434@fieldops.io,Surveyor 434,+6580009434,ON_SITE,,Closed,False,3,1.1.3,5,Manila,Philippines,2020-12-31,Metro Manila,5,"Photo,Estimate",2021-04-07
435,3.152299,101.665202,surveyor435@fieldops.io,Surveyor 435,+6580009435,ON_SITE,,Closed,False,6,1.2.5,10,Kuala Lumpur,Malaysia,2022-04-26,Kuala Lumpur,3,Repair Network,2023-08-28
436,18.83664,98.948394,surveyor436@fieldops.io,Surveyor 436,+6580009436,AVAILABLE,,Working,False,4,1.2.5,3,Chiang Mai,Thailand,2020-12-09,Chiang Mai,5,Report,2024-04-05
437,3.173849,101.770713,surveyor437@fieldops.io,Surveyor 437,+6580009437,ASSIGNED,,On_The_Way,True,3,1.0.0,4,Kuala Lumpur,Malaysia,2022-04-02,Kuala Lumpur,5,Negotiation,2019-08-27
438,7.903483,98.447913,surveyor438@fieldops.io,Surveyor 438,+6580009438,INSPECTION_DONE,,Closed,False,2,1.2.5,10,Phuket,Thailand,2020-09-14,Phuket,2,"Photo,Estimate",2024-04-26
439,-7.174946,112.65133,surveyor439@fieldops.io,Surveyor 439,+6580009439,INSPECTION_DONE,,Pending,False,0,2.0.1,5,Surabaya,Indonesia,2020-08-05,East Java,5,Negotiation,2021-08-03
440,1.250457,103.779175,surveyor440@fieldops.io,Surveyor 440,+6580009440,ON_SITE,,Accepted,False,1,1.2.5,7,Singapore,Singapore,2019-11-22,Central,3,Repair Network,2021-10-20
441,-7.255685,112.680117,surveyor441@fieldops.io,Surveyor 441,+6580009441,ASSIGNED,,Accepted,False,7,1.1.3,9,Surabaya,Indonesia,2024-12-12,East Java,2,All Rounder,2024-01-31
442,18.733711,98.90155,surveyor442@fieldops.io,Surveyor 442,+6580009442,AVAILABLE,,Accepted,False,1,2.0.1,6,Chiang Mai,Thailand,2022-01-14,Chiang Mai,3,Repair Network,2023-03-17
443,1.545059,103.694471,surveyor443@fieldops.io,Surveyor 443,+6580009443,AVAILABLE,,Pending,False,2,1.0.0,10,Johor Bahru,Malaysia,2019-06-03,Johor,5,All Rounder,2022-04-04
444,5.386076,100.473169,surveyor444@fieldops.io,Surveyor 444,+6580009444,ASSIGNED,,On_The_Way,False,5,2.0.1,4,Penang,Malaysia,2023-08-06,Penang,3,Repair Network,2025-03-02
445,5.320593,100.499381,surveyor445@fieldops.io,Surveyor 445,+6580009445,ON_SITE,,Closed,False,5,1.0.0,3,Penang,Malaysia,2021-03-04,Penang,3,Negotiation,2020-09-25
446,7.847802,98.483941,surveyor446@fieldops.io,Surveyor 446,+6580009446,UNAVAILABLE,,Working,False,3,2.0.1,5,Phuket,Thailand,2021-02-01,Phuket,3,All Rounder,2021-07-07
447,7.88681,98.296963,surveyor447@fieldops.io,Surveyor 447,+6580009447,ASSIGNED,,Closed,True,6,1.2.5,6,Phuket,Thailand,2021-12-13,Phuket,2,All Rounder,2022-04-29
448,3.070633,101.638117,surveyor448@fieldops.io,Surveyor 448,+6580009448,INSPECTION_DONE,,Working,False,7,1.2.5,6,Kuala Lumpur,Malaysia,2023-08-26,Kuala Lumpur,2,All Rounder,2022-10-14
449,7.892863,98.477192,surveyor449@fieldops.io,Surveyor 449,+6580009449,INSPECTION_DONE,,On_The_Way,False,3,2.0.1,8,Phuket,Thailand,2023-01-27,Phuket,3,"Photo,Estimate",2025-01-27
450,3.097949,101.677876,surveyor450@fieldops.io,Surveyor 450,+6580009450,UNAVAILABLE,,On_The_Way,False,6,1.2.5,9,Kuala Lumpur,Malaysia,2020-11-08,Kuala Lumpur,3,Report,2022-09-16
451,-6.234997,106.652409,surveyor451@fieldops.io,Surveyor 451,+6580009451,UNAVAILABLE,,Closed,False,6,1.0.0,4,Jakarta,Indonesia,2021-07-04,DKI Jakarta,5,Negotiation,2023-08-18
452,-7.305999,112.843834,surveyor452@fieldops.io,Surveyor 452,+6580009452,AVAILABLE,,Working,False,5,1.1.3,5,Surabaya,Indonesia,2019-06-22,East Java,5,Negotiation,2020-06-08
453,1.327298,103.675322,surveyor453@fieldops.io,Surveyor 453,+6580009453,AVAILABLE,,Pending,False,5,2.0.1,4,Singapore,Singapore,2019-03-24,Central,5,Repair Network,2021-01-18
454,14.655075,120.99086,surveyor454@fieldops.io,Surveyor 454,+6580009454,INSPECTION_DONE,,Closed,True,3,1.2.5,10,Manila,Philippines,2023-07-22,Metro Manila,4,All Rounder,2020-11-03
455,-6.197939,106.736628,surveyor455@fieldops.io,Surveyor 455,+6580009455,INSPECTION_DONE,,Accepted,True,5,1.2.5,9,Jakarta,Indonesia,2019-09-14,DKI Jakarta,4,Report,2020-10-04
456,5.32181,100.204648,surveyor456@fieldops.io,Surveyor 456,+6580009456,AVAILABLE,,On_The_Way,False,4,1.1.3,9,Penang,Malaysia,2022-11-09,Penang,4,All Rounder,2024-03-23
457,1.481341,103.614451,surveyor457@fieldops.io,Surveyor 457,+6580009457,ASSIGNED,,Closed,False,3,1.0.0,8,Johor Bahru,Malaysia,2020-07-12,Johor,4,Report,2021-01-11
458,1.501174,103.610737,surveyor458@fieldops.io,Surveyor 458,+6580009458,ASSIGNED,,Accepted,False,2,2.0.1,7,Johor Bahru,Malaysia,2021-06-09,Johor,4,Repair Network,2022-03-23
459,5.458027,100.428767,surveyor459@fieldops.io,Surveyor 459,+6580009459,ASSIGNED,,Closed,False,3,1.1.3,6,Penang,Malaysia,2019-02-15,Penang,3,Negotiation,2024-09-01
460,7.858026,98.406804,surveyor460@fieldops.io,Surveyor 460,+6580009460,ON_SITE,,On_The_Way,False,7,2.0.1,10,Phuket,Thailand,2023-10-18,Phuket,5,Repair Network,2025-01-23
461,14.709811,121.096154,surveyor461@fieldops.io,Surveyor 461,+6580009461,UNAVAILABLE,,On_The_Way,False,5,2.0.1,6,Manila,Philippines,2024-12-12,Metro Manila,1,Repair Network,2024-12-28
462,-7.255143,112.882529,surveyor462@fieldops.io,Surveyor 462,+6580009462,UNAVAILABLE,,Closed,False,7,1.2.5,6,Surabaya,Indonesia,2021-03-07,East Java,4,Negotiation,2022-10-13
463,-6.081181,106.748749,surveyor463@fieldops.io,Surveyor 463,+6580009463,INSPECTION_DONE,,On_The_Way,True,1,1.1.3,9,Jakarta,Indonesia,2023-04-05,DKI Jakarta,3,All Rounder,2020-06-30
464,13.717522,100.690701,surveyor464@fieldops.io,Surveyor 464,+6580009464,ON_SITE,,On_The_Way,False,7,2.0.1,6,Bangkok,Thailand,2024-10-24,Bangkok,2,Report,2019-11-18
465,8.053507,98.30901,surveyor465@fieldops.io,Surveyor 465,+6580009465,AVAILABLE,,Closed,False,7,1.0.0,10,Phuket,Thailand,2024-12-01,Phuket,2,All Rounder,2023-01-14
466,3.091345,101.77802,surveyor466@fieldops.io,Surveyor 466,+6580009466,AVAILABLE,,Working,False,6,2.0.1,6,Kuala Lumpur,Malaysia,2021-06-15,Kuala Lumpur,1,All Rounder,2021-03-27
467,-6.14212,106.641991,surveyor467@fieldops.io,Surveyor 467,+6580009467,AVAILABLE,,On_The_Way,True,2,1.1.3,5,Jakarta,Indonesia,2023-11-24,DKI Jakarta,3,Report,2023-02-28
468,3.139327,101.743991,surveyor468@fieldops.io,Surveyor 468,+6580009468,ON_SITE,,Closed,False,7,2.0.1,10,Kuala Lumpur,Malaysia,2022-01-17,Kuala Lumpur,3,All Rounder,2021-07-29
469,14.704259,121.089687,surveyor469@fieldops.io,Surveyor 469,+6580009469,ASSIGNED,,Pending,True,0,1.0.0,8,Manila,Philippines,2022-03-04,Metro Manila,3,Negotiation,2022-02-22
470,5.339381,100.223484,surveyor470@fieldops.io,Surveyor 470,+6580009470,AVAILABLE,,Pending,False,2,1.0.0,5,Penang,Malaysia,2023-07-21,Penang,3,"Photo,Estimate",2020-04-07
471,5.318585,100.407917,surveyor471@fieldops.io,Surveyor 471,+6580009471,INSPECTION_DONE,,Closed,False,4,1.2.5,5,Penang,Malaysia,2022-06-28,Penang,4,All Rounder,2024-12-20
472,1.500144,103.610292,surveyor472@fieldops.io,Surveyor 472,+6580009472,ON_SITE,,Pending,False,6,1.2.5,10,Johor Bahru,Malaysia,2023-06-24,Johor,3,Repair Network,2025-03-19
473,14.747223,121.082488,surveyor473@fieldops.io,Surveyor 473,+6580009473,ASSIGNED,,On_The_Way,False,7,2.0.1,9,Manila,Philippines,2021-04-18,Metro Manila,2,Repair Network,2019-12-19
474,1.461023,103.799669,surveyor474@fieldops.io,Surveyor 474,+6580009474,ASSIGNED,,Working,True,3,1.0.0,5,Johor Bahru,Malaysia,2023-12-22,Johor,3,Report,2020-04-07
475,-7.209827,112.890495,surveyor475@fieldops.io,Surveyor 475,+6580009475,INSPECTION_DONE,,Pending,False,0,2.0.1,7,Surabaya,Indonesia,2021-02-10,East Java,2,"Photo,Estimate",2025-04-12
476,1.24783,103.691968,surveyor476@fieldops.io,Surveyor 476,+6580009476,UNAVAILABLE,,Working,False,3,1.1.3,10,Singapore,Singapore,2020-01-15,Central,4,All Rounder,2023-10-08
477,3.180511,101.73031,surveyor477@fieldops.io,Surveyor 477,+6580009477,INSPECTION_DONE,,Accepted,False,2,2.0.1,3,Kuala Lumpur,Malaysia,2020-06-11,Kuala Lumpur,4,"Photo,Estimate",2021-03-09
478,18.780254,99.071097,surveyor478@fieldops.io,Surveyor 478,+6580009478,UNAVAILABLE,,Closed,False,2,1.2.5,3,Chiang Mai,Thailand,2019-07-19,Chiang Mai,4,Negotiation,2020-10-27
479,1.273222,103.638151,surveyor479@fieldops.io,Surveyor 479,+6580009479,UNAVAILABLE,,Closed,False,0,1.2.5,9,Singapore,Singapore,2024-12-12,Central,2,All Rounder,2024-12-01
480,13.80698,100.497981,surveyor480@fieldops.io,Surveyor 480,+6580009480,AVAILABLE,,On_The_Way,True,7,1.1.3,3,Bangkok,Thailand,2022-01-17,Bangkok,5,"Photo,Estimate",2021-09-06
481,1.433773,103.749784,surveyor481@fieldops.io,Surveyor 481,+6580009481,ON_SITE,,Closed,True,1,2.0.1,7,Singapore,Singapore,2020-10-22,Central,4,Report,2022-11-23
482,5.446386,100.472205,surveyor482@fieldops.io,Surveyor 482,+6580009482,ON_SITE,,Accepted,True,3,2.0.1,9,Penang,Malaysia,2023-01-13,Penang,1,Report,2025-04-29
483,-7.154061,112.754047,surveyor483@fieldops.io,Surveyor 483,+6580009483,UNAVAILABLE,,Closed,False,4,1.0.0,5,Surabaya,Indonesia,2024-03-12,East Java,2,All Rounder,2020-10-13
484,3.173816,101.732935,surveyor484@fieldops.io,Surveyor 484,+6580009484,UNAVAILABLE,,On_The_Way,False,6,2.0.1,10,Kuala Lumpur,Malaysia,2022-05-23,Kuala Lumpur,1,All Rounder,2025-04-27
485,1.527327,103.646197,surveyor485@fieldops.io,Surveyor 485,+6580009485,UNAVAILABLE,,On_The_Way,False,3,1.0.0,4,Johor Bahru,Malaysia,2023-10-13,Johor,5,All Rounder,2022-01-31
486,13.607773,100.464288,surveyor486@fieldops.io,Surveyor 486,+6580009486,ON_SITE,,Pending,True,3,2.0.1,6,Bangkok,Thailand,2023-07-05,Bangkok,3,All Rounder,2019-08-15
487,1.226688,104.00702,surveyor487@fieldops.io,Surveyor 487,+6580009487,UNAVAILABLE,,Accepted,False,0,1.1.3,9,Singapore,Singapore,2022-05-04,Central,5,Negotiation,2021-01-10
488,3.059465,101.66809,surveyor488@fieldops.io,Surveyor 488,+6580009488,ASSIGNED,,Working,False,5,2.0.1,10,Kuala Lumpur,Malaysia,2020-06-18,Kuala Lumpur,1,Repair Network,2023-05-21
489,1.530486,103.702,surveyor489@fieldops.io,Surveyor 489,+6580009489,UNAVAILABLE,,Working,False,1,1.2.5,6,Johor Bahru,Malaysia,2023-05-22,Johor,2,"Photo,Estimate",2023-06-27
490,1.451392,103.610832,surveyor490@fieldops.io,Surveyor 490,+6580009490,UNAVAILABLE,,Pending,False,1,1.0.0,5,Singapore,Singapore,2022-04-23,Central,4,"Photo,Estimate",2024-07-11
491,-6.145972,106.64044,surveyor491@fieldops.io,Surveyor 491,+6580009491,INSPECTION_DONE,,Closed,False,2,1.2.5,9,Jakarta,Indonesia,2020-10-20,DKI Jakarta,3,Repair Network,2019-09-08
492,1.416015,103.78024,surveyor492@fieldops.io,Surveyor 492,+6580009492,ASSIGNED,,Working,True,4,1.2.5,5,Singapore,Singapore,2023-10-03,Central,4,Report,2023-06-03
493,-7.212775,112.867519,surveyor493@fieldops.io,Surveyor 493,+6580009493,INSPECTION_DONE,,Working,False,4,1.1.3,8,Surabaya,Indonesia,2021-01-10,East Java,3,Repair Network,2025-03-31
494,8.08566,98.308171,surveyor494@fieldops.io,Surveyor 494,+6580009494,AVAILABLE,,Closed,False,1,2.0.1,3,Phuket,Thailand,2021-06-10,Phuket,2,Negotiation,2020-08-10
495,14.6821,120.977888,surveyor495@fieldops.io,Surveyor 495,+6580009495,ON_SITE,,Accepted,True,6,1.1.3,4,Manila,Philippines,2020-05-17,Metro Manila,1,Negotiation,2019-04-21
496,3.05086,101.691949,surveyor496@fieldops.io,Surveyor 496,+6580009496,ASSIGNED,,Accepted,False,3,1.0.0,8,Kuala Lumpur,Malaysia,2019-07-31,Kuala Lumpur,4,All Rounder,2021-09-19
497,5.405155,100.217006,surveyor497@fieldops.io,Surveyor 497,+6580009497,INSPECTION_DONE,,Accepted,False,4,1.0.0,10,Penang,Malaysia,2022-10-09,Penang,1,Report,2022-05-07
498,14.742163,120.988324,surveyor498@fieldops.io,Surveyor 498,+6580009498,UNAVAILABLE,,Closed,False,5,1.2.5,10,Manila,Philippines,2022-01-13,Metro Manila,5,"Photo,Estimate",2020-01-30
499,13.64629,100.399667,surveyor499@fieldops.io,Surveyor 499,+6580009499,AVAILABLE,,On_The_Way,False,7,1.2.5,4,Bangkok,Thailand,2023-02-13,Bangkok,2,Report,2022-09-18
500,3.224997,101.776636,surveyor500@fieldops.io,Surveyor 500,+6580009500,INSPECTION_DONE,,Closed,False,0,1.2.5,7,Kuala Lumpur,Malaysia,2023-03-15,Kuala Lumpur,5,Repair Network,2024-01-09
