id,make,model,registration_number,year,body_type,color,engine_no,fuel_type,owner_contact,owner_name,registration_state,usage_type,vin
1,Mercedes,GLC,SG-1488-21,2011,Hatchback,Blue,ENG731262A,Diesel,+6580005001,Arun Thomas,ID,Commercial,VIN8536477S
2,Mazda,6,MY-4483-93,2020,Pickup,Red,ENG581141E,Hybrid,+6580005002,Casey Sharma,PH,Rideshare,VIN8187926S
3,Nissan,Sylphy,ID-3705-43,2021,MPV,Gray,ENG322086R,Diesel,+6580005003,Arun Patel,ID,Rideshare,VIN8350099Q
4,BMW,320i,SG-4872-31,2018,Pickup,Gray,ENG324130M,Petrol,+6580005004,Riley Brown,SG,Company,VIN5449368Z
5,Hyundai,Elantra,TH-7054-46,2010,Pickup,Green,ENG669605W,Hybrid,+6580005005,Olivia Anderson,SG,Rideshare,VIN2737893E
6,Nissan,Almera,ID-1634-70,2012,Hatchback,Green,ENG582662L,Hybrid,+6580005006,Sara Sharma,TH,Private,VIN4240180M
7,Ford,Ranger,TH-9375-70,2010,Coupe,White,ENG397571Q,Hybrid,+6580005007,Taylor Sharma,MY,Commercial,VIN4340845E
8,Ford,Ranger,SG-4388-63,2017,MPV,Red,ENG120480Y,Electric,+6580005008,Haru Lee,MY,Rideshare,VIN7542890N
9,Hyundai,i30,PH-2876-30,2014,Sedan,Blue,ENG126925J,Electric,+6580005009,Anita Kumar,SG,Commercial,VIN2709620W
10,Ford,Ranger,ID-1282-21,2014,Hatchback,Gray,ENG825391H,Hybrid,+6580005010,Isha Johnson,ID,Rideshare,VIN8138769X
11,Mercedes,E200,PH-7232-67,2019,SUV,Green,ENG717113N,Hybrid,+6580005011,Emma Tan,PH,Private,VIN4486102U
12,BMW,X3,MY-3973-84,2018,Coupe,Green,ENG615611C,Electric,+6580005012,Rahul Davis,MY,Rideshare,VIN2754894F
13,BMW,X1,SG-5634-48,2023,MPV,Red,ENG613425E,Electric,+6580005013,Noah Wilson,MY,Rideshare,VIN7328534O
14,Nissan,Sylphy,PH-7751-82,2010,Hatchback,Black,ENG182804T,Electric,+6580005014,Olivia Sharma,ID,Commercial,VIN4895475O
15,Mitsubishi,Outlander,SG-8673-19,2009,Hatchback,Green,ENG809176X,Electric,+6580005015,Nina Thomas,MY,Private,VIN7619862A
16,Toyota,Hilux,MY-4990-26,2023,Hatchback,White,ENG970127Y,Diesel,+6580005016,Emma Kumar,TH,Rideshare,VIN3475548Z
17,Ford,Fiesta,ID-6553-68,2017,Pickup,Red,ENG199704K,Electric,+6580005017,Priya Gupta,MY,Commercial,VIN8956894C
18,Kia,Sportage,ID-6585-30,2016,SUV,Red,ENG440140Y,Petrol,+6580005018,Rohan Tan,TH,Commercial,VIN1834876V
19,Kia,Cerato,TH-8138-85,2017,MPV,White,ENG514991J,Hybrid,+6580005019,Sam Smith,TH,Private,VIN9564488U
20,Nissan,Almera,TH-8172-66,2021,MPV,Blue,ENG266457L,Hybrid,+6580005020,Kris Brown,ID,Rideshare,VIN1878547Z
21,Mercedes,GLA,ID-4833-78,2012,SUV,Green,ENG922471P,Diesel,+6580005021,Rahul Miller,ID,Rideshare,VIN7406756Q
22,Toyota,Camry,ID-8489-18,2008,Pickup,Blue,ENG662093A,Diesel,+6580005022,Arun Ng,MY,Company,VIN1026245T
23,Kia,Sportage,ID-6554-33,2020,Coupe,Gray,ENG485191Z,Hybrid,+6580005023,Kai Lim,ID,Private,VIN8224389T
24,Mercedes,GLA,ID-4279-25,2009,Sedan,Gray,ENG281043W,Electric,+6580005024,Taylor Smith,MY,Private,VIN5871470J
25,Nissan,Sylphy,TH-6531-82,2006,Sedan,White,ENG147670U,Hybrid,+6580005025,Aarav Kumar,PH,Company,VIN1508113P
26,Ford,Ranger,MY-9793-11,2008,Pickup,Black,ENG377319X,Hybrid,+6580005026,Wei Brown,MY,Private,VIN7720644B
27,Mazda,2,PH-8871-31,2021,Coupe,Red,ENG749840Y,Electric,+6580005027,Casey Sharma,SG,Private,VIN4200829A
28,Mitsubishi,Mirage,SG-4920-41,2006,Coupe,Blue,ENG336633U,Diesel,+6580005028,Jordan Wong,ID,Rideshare,VIN8925622D
29,Hyundai,Elantra,ID-2562-33,2009,Pickup,Silver,ENG360096A,Hybrid,+6580005029,Anita Sharma,ID,Rideshare,VIN6530194J
30,BMW,X3,MY-1356-60,2013,Sedan,Red,ENG328486S,Petrol,+6580005030,Jordan Davis,MY,Private,VIN2010921C
31,Mazda,6,MY-6253-40,2014,Hatchback,Red,ENG646571H,Electric,+6580005031,Kris Gupta,SG,Commercial,VIN8167236R
32,Hyundai,Santa Fe,ID-2615-70,2015,Hatchback,Silver,ENG428122N,Petrol,+6580005032,Emma Sharma,TH,Private,VIN5375063R
33,Kia,Cerato,MY-7652-68,2023,Hatchback,Red,ENG336828J,Petrol,+6580005033,Aarav Tan,SG,Company,VIN7362994M
34,Mazda,CX-3,PH-7150-65,2010,Coupe,Blue,ENG792764M,Petrol,+6580005034,Wei Patel,TH,Private,VIN2376369I
35,Toyota,Yaris,MY-7224-52,2019,SUV,Gray,ENG955088U,Diesel,+6580005035,Kris Smith,PH,Commercial,VIN9036449K
36,Mitsubishi,Mirage,PH-9499-81,2023,Coupe,Blue,ENG331768O,Hybrid,+6580005036,Anita Miller,PH,Commercial,VIN6787592A
37,Ford,Everest,PH-7367-88,2017,MPV,White,ENG464825L,Electric,+6580005037,Olivia Chen,MY,Private,VIN3247270K
38,Ford,Fiesta,ID-2677-93,2012,SUV,Green,ENG133796O,Hybrid,+6580005038,Rahul Lim,ID,Private,VIN4975295G
39,Honda,CR-V,ID-4568-64,2011,Pickup,Silver,ENG438548J,Hybrid,+6580005039,Noah Ng,PH,Company,VIN6766993V
40,Nissan,Almera,PH-1138-88,2025,Hatchback,Gray,ENG468247X,Diesel,+6580005040,Aarav Ng,ID,Company,VIN4644760C
41,Kia,Cerato,PH-9808-88,2009,SUV,White,ENG424960C,Diesel,+6580005041,Kai Ng,PH,Rideshare,VIN7555386S
42,Toyota,RAV4,ID-4678-51,2012,Pickup,Red,ENG435476I,Petrol,+6580005042,Emma Johnson,SG,Private,VIN4008898H
43,Kia,Cerato,PH-2020-65,2009,Hatchback,Silver,ENG373668K,Electric,+6580005043,Arun Smith,MY,Company,VIN5562662H
44,Hyundai,Elantra,SG-8552-16,2010,MPV,Gray,ENG961599X,Electric,+6580005044,Haru Lee,ID,Company,VIN3899223L
45,Mercedes,C200,MY-3328-82,2011,Pickup,Blue,ENG424065F,Electric,+6580005045,Jordan Lim,SG,Commercial,VIN4671004A
46,Hyundai,Santa Fe,SG-5345-36,2012,Coupe,White,ENG467506I,Petrol,+6580005046,Neha Lee,SG,Company,VIN8352113X
47,Ford,Focus,MY-7512-70,2020,Coupe,Silver,ENG195563U,Electric,+6580005047,Riley Johnson,ID,Rideshare,VIN4130342O
48,Mercedes,C200,SG-2654-46,2022,SUV,Gray,ENG376967M,Electric,+6580005048,Emma Wilson,SG,Commercial,VIN5620682M
49,Toyota,Camry,MY-9008-86,2019,Hatchback,Green,ENG597635S,Hybrid,+6580005049,Rahul Chen,MY,Private,VIN5782670A
50,Toyota,Fortuner,ID-5843-43,2018,Pickup,Gray,ENG872519B,Diesel,+6580005050,Priya Sharma,PH,Company,VIN7014583Q
51,Honda,Accord,PH-8105-91,2018,Pickup,Gray,ENG600590M,Petrol,+6580005051,Jordan Thomas,TH,Rideshare,VIN1236174K
52,Kia,Cerato,PH-5423-89,2024,Coupe,Black,ENG539170D,Petrol,+6580005052,Kris Wong,SG,Company,VIN4332737T
53,Ford,Ranger,TH-2852-26,2006,Hatchback,White,ENG536236S,Electric,+6580005053,Kai Miller,TH,Company,VIN7016291T
54,Honda,CR-V,PH-5990-75,2022,Hatchback,Red,ENG804091O,Hybrid,+6580005054,Rahul Tan,TH,Company,VIN6569576R
55,Hyundai,Tucson,ID-3185-27,2018,MPV,Red,ENG884782Q,Hybrid,+6580005055,Sara Thomas,MY,Commercial,VIN4370359G
56,Hyundai,i30,TH-5819-67,2010,Coupe,White,ENG296059F,Petrol,+6580005056,Anita Tan,ID,Rideshare,VIN5433204E
57,Honda,Accord,PH-9736-10,2025,Sedan,Black,ENG802897U,Diesel,+6580005057,Nina Davis,SG,Commercial,VIN8302077U
58,Honda,City,TH-6633-37,2018,Coupe,Green,ENG637450E,Diesel,+6580005058,Riley Sharma,PH,Rideshare,VIN4260252D
59,Toyota,Hilux,PH-1511-84,2023,Pickup,Green,ENG718697G,Petrol,+6580005059,Noah Gupta,PH,Company,VIN3493647L
60,Hyundai,Santa Fe,ID-1108-74,2009,Pickup,Black,ENG341162C,Hybrid,+6580005060,Avery Ng,TH,Commercial,VIN7077092T
61,Ford,Focus,PH-9246-25,2007,Pickup,Red,ENG236659T,Petrol,+6580005061,Rohan Davis,PH,Company,VIN7213902B
62,Mazda,6,ID-6544-80,2024,Coupe,Red,ENG841122B,Diesel,+6580005062,Anita Lee,SG,Commercial,VIN8913286T
63,BMW,320i,PH-5821-53,2008,MPV,Silver,ENG664032Z,Hybrid,+6580005063,Arun Miller,ID,Company,VIN5081447Y
64,Mercedes,E200,SG-9613-64,2020,MPV,White,ENG626883L,Electric,+6580005064,Nina Chen,ID,Private,VIN9694039O
65,Hyundai,Tucson,MY-6903-81,2022,SUV,Silver,ENG120798N,Petrol,+6580005065,Rahul Kumar,PH,Commercial,VIN5774942L
66,Nissan,Sylphy,PH-3795-13,2006,Coupe,Silver,ENG440998P,Electric,+6580005066,Nina Thomas,MY,Company,VIN3266851W
67,Honda,HR-V,ID-8418-44,2024,Pickup,Black,ENG436219A,Diesel,+6580005067,Jordan Thomas,SG,Commercial,VIN2715864J
68,Mitsubishi,Attrage,ID-4982-11,2006,MPV,Green,ENG824305P,Diesel,+6580005068,Rahul Lim,TH,Commercial,VIN9387252C
69,Hyundai,Elantra,SG-9572-94,2007,Sedan,Green,ENG236078F,Petrol,+6580005069,Avery Wong,ID,Commercial,VIN2656810B
70,Kia,Sorento,PH-4943-82,2022,Hatchback,Gray,ENG902903R,Hybrid,+6580005070,Rahul Miller,ID,Company,VIN1003282X
71,Toyota,Vios,PH-3450-51,2021,Coupe,Black,ENG260639B,Electric,+6580005071,Mei Anderson,SG,Commercial,VIN8246678J
72,Nissan,X-Trail,SG-6624-98,2008,SUV,Gray,ENG594078A,Hybrid,+6580005072,Avery Thomas,TH,Commercial,VIN9778944Y
73,Mazda,3,MY-7436-94,2009,Sedan,Red,ENG500773Q,Diesel,+6580005073,Suresh Sharma,PH,Commercial,VIN8154895J
74,Ford,Fiesta,TH-4166-38,2006,Pickup,Green,ENG115743I,Electric,+6580005074,Sam Kumar,TH,Private,VIN3970879O
75,Honda,Civic,SG-8362-91,2016,Sedan,Blue,ENG841635M,Diesel,+6580005075,Anita Thomas,ID,Private,VIN3866974K
76,BMW,520i,ID-6901-14,2007,SUV,Silver,ENG486473M,Petrol,+6580005076,Wei Davis,PH,Private,VIN5912917P
77,Kia,Cerato,TH-4178-52,2015,Coupe,Gray,ENG597549Z,Petrol,+6580005077,Aarav Ng,ID,Commercial,VIN8727886R
78,BMW,520i,TH-1598-68,2017,Coupe,Green,ENG647718D,Petrol,+6580005078,Kris Tan,PH,Private,VIN6591674O
79,Nissan,Almera,ID-2593-68,2014,Coupe,Red,ENG844715Y,Electric,+6580005079,Haru Sharma,TH,Commercial,VIN5329406L
80,Ford,Focus,SG-4565-27,2023,Coupe,Green,ENG100193Y,Diesel,+6580005080,Isha Ng,ID,Rideshare,VIN7542823T
81,Ford,Ranger,PH-3945-68,2021,Pickup,Blue,ENG959907O,Electric,+6580005081,Rahul Sharma,TH,Company,VIN1124654S
82,Mitsubishi,Attrage,SG-3860-85,2009,Coupe,Gray,ENG487728Z,Diesel,+6580005082,Jamie Sharma,ID,Commercial,VIN9848116B
83,Toyota,Fortuner,SG-2113-11,2018,Sedan,Blue,ENG208954V,Electric,+6580005083,Rahul Sharma,MY,Rideshare,VIN4239337B
84,Kia,Sorento,TH-6403-60,2023,Sedan,Blue,ENG841978Y,Electric,+6580005084,Haru Davis,ID,Private,VIN4789081A
85,Honda,Civic,TH-9010-93,2005,Pickup,Blue,ENG148026H,Diesel,+6580005085,Alex Chen,SG,Rideshare,VIN2632292O
86,Nissan,Navara,PH-2442-90,2014,SUV,Gray,ENG104792R,Diesel,+6580005086,Avery Wong,PH,Private,VIN7071696Y
87,Nissan,Navara,TH-6875-44,2011,SUV,Black,ENG133653W,Petrol,+6580005087,Jamie Ng,SG,Company,VIN8693677N
88,Nissan,Navara,TH-7068-90,2019,Coupe,Red,ENG101429U,Petrol,+6580005088,Anita Smith,PH,Private,VIN5975954N
89,Nissan,X-Trail,SG-3424-73,2009,Hatchback,Blue,ENG757746A,Hybrid,+6580005089,Suresh Thomas,TH,Company,VIN6816664N
90,Nissan,X-Trail,SG-1408-61,2020,Hatchback,Gray,ENG435772E,Petrol,+6580005090,Neha Thomas,PH,Rideshare,VIN5958621P
91,Kia,Sportage,TH-2410-28,2011,SUV,Gray,ENG650818K,Petrol,+6580005091,Emma Brown,SG,Private,VIN7869609U
92,Hyundai,Elantra,MY-5778-77,2025,Sedan,Blue,ENG303229Y,Diesel,+6580005092,Wei Wong,PH,Commercial,VIN6412444K
93,Mazda,2,SG-9412-85,2006,Pickup,White,ENG365302B,Petrol,+6580005093,Kris Lee,SG,Private,VIN4446060S
94,Ford,Fiesta,PH-7672-47,2018,Hatchback,Green,ENG172990Z,Electric,+6580005094,Isha Johnson,TH,Private,VIN9248490V
95,Mitsubishi,Triton,ID-9270-43,2022,SUV,Green,ENG666785R,Petrol,+6580005095,Wei Tan,ID,Private,VIN7436241O
96,Ford,Ranger,PH-9433-63,2013,Sedan,Red,ENG592516S,Petrol,+6580005096,Priya Brown,PH,Company,VIN6409332S
97,Kia,Cerato,PH-4287-56,2019,Hatchback,Black,ENG257782X,Hybrid,+6580005097,Nina Davis,ID,Rideshare,VIN2080914U
98,Kia,Rio,TH-2750-32,2011,SUV,Gray,ENG528212I,Petrol,+6580005098,Haru Thomas,MY,Private,VIN6309820R
99,Ford,Fiesta,SG-7564-35,2025,SUV,Silver,ENG703779C,Petrol,+6580005099,Riley Sharma,PH,Commercial,VIN7883963Z
100,Mercedes,GLC,TH-7056-84,2025,Pickup,White,ENG110821P,Diesel,+6580005100,Nina Smith,ID,Commercial,VIN7433986W
101,Ford,Everest,TH-8653-65,2008,Pickup,White,ENG562966L,Electric,+6580005101,Mei Wilson,SG,Commercial,VIN3074573L
102,Toyota,Hilux,TH-3669-59,2017,SUV,Red,ENG889114U,Diesel,+6580005102,Morgan Patel,ID,Company,VIN6202636V
103,Nissan,Navara,SG-2364-63,2014,SUV,Blue,ENG859268O,Electric,+6580005103,Olivia Gupta,MY,Commercial,VIN4541139F
104,Ford,Everest,SG-8987-61,2020,MPV,Blue,ENG859813T,Electric,+6580005104,Sam Tan,PH,Private,VIN8080061S
105,Mazda,2,PH-4671-72,2013,SUV,Green,ENG472497Y,Petrol,+6580005105,Wei Thomas,MY,Commercial,VIN9646766T
106,Honda,Civic,MY-6157-61,2010,Pickup,White,ENG512369Y,Petrol,+6580005106,Isha Ng,PH,Private,VIN9720433J
107,BMW,520i,MY-5902-46,2023,Coupe,Black,ENG849051M,Diesel,+6580005107,Morgan Smith,PH,Commercial,VIN7061063O
108,Toyota,Vios,MY-4532-33,2020,Sedan,White,ENG674134L,Petrol,+6580005108,Nina Tan,ID,Company,VIN6195935S
109,Honda,Civic,SG-9876-31,2014,Hatchback,Black,ENG367968Y,Petrol,+6580005109,Casey Patel,ID,Commercial,VIN1988408T
110,Kia,Sorento,TH-9361-46,2006,Hatchback,Red,ENG660033S,Petrol,+6580005110,Kris Lim,ID,Private,VIN3342942X
111,Mercedes,E200,SG-4212-91,2017,Sedan,Green,ENG390819S,Electric,+6580005111,Riley Thomas,TH,Commercial,VIN2096569S
112,Toyota,Hilux,MY-9514-40,2007,MPV,Blue,ENG559831Y,Petrol,+6580005112,Aarav Miller,PH,Private,VIN2435034B
113,BMW,520i,TH-8692-49,2024,SUV,Silver,ENG486746A,Diesel,+6580005113,Jordan Sharma,PH,Private,VIN8081010L
114,Nissan,X-Trail,SG-1343-96,2009,Pickup,Red,ENG925663D,Hybrid,+6580005114,Avery Patel,ID,Commercial,VIN7201541Z
115,Kia,Rio,MY-5170-80,2007,Hatchback,Green,ENG188109J,Electric,+6580005115,Liam Johnson,TH,Private,VIN8805651Q
116,Ford,Everest,SG-6129-34,2018,Coupe,Gray,ENG319765O,Electric,+6580005116,Nina Thomas,SG,Rideshare,VIN3331197S
117,Honda,Jazz,TH-3128-36,2014,Pickup,Green,ENG844144V,Electric,+6580005117,Riley Patel,PH,Commercial,VIN9430131W
118,Honda,HR-V,ID-7244-53,2017,Hatchback,Gray,ENG139609A,Hybrid,+6580005118,Morgan Ng,MY,Company,VIN9132910O
119,BMW,X3,ID-2979-39,2011,Sedan,Silver,ENG439075F,Petrol,+6580005119,Anita Smith,SG,Company,VIN4569653O
120,Hyundai,i30,MY-6202-92,2006,MPV,Green,ENG535047U,Hybrid,+6580005120,Wei Lee,TH,Rideshare,VIN6750028H
121,BMW,520i,PH-3878-42,2017,Pickup,Silver,ENG575637J,Electric,+6580005121,Noah Wilson,SG,Rideshare,VIN3292713W
122,Mitsubishi,Triton,PH-6045-62,2007,Sedan,Red,ENG700426Y,Hybrid,+6580005122,Sara Ng,MY,Commercial,VIN7676832W
123,Hyundai,Santa Fe,MY-7074-97,2015,SUV,Green,ENG351235L,Electric,+6580005123,Anita Tan,MY,Rideshare,VIN2680697A
124,Ford,Focus,TH-9757-91,2020,Sedan,Green,ENG825388K,Diesel,+6580005124,Emma Lim,MY,Company,VIN7403032U
125,Mazda,2,TH-8987-60,2014,Coupe,Green,ENG266926A,Electric,+6580005125,Priya Davis,ID,Rideshare,VIN7565976M
126,Ford,Everest,SG-2966-24,2007,Sedan,Gray,ENG772566V,Diesel,+6580005126,Alex Wilson,MY,Private,VIN4038296M
127,Toyota,Camry,SG-4081-28,2014,Hatchback,Black,ENG731394R,Diesel,+6580005127,Emma Johnson,MY,Commercial,VIN8080237C
128,Hyundai,Santa Fe,TH-6655-96,2022,MPV,Blue,ENG990901M,Electric,+6580005128,Emma Ng,MY,Private,VIN9616197W
129,BMW,320i,PH-8350-31,2021,Hatchback,Black,ENG178771L,Diesel,+6580005129,Liam Johnson,SG,Company,VIN9313242M
130,Kia,Cerato,MY-4251-24,2011,SUV,White,ENG240173M,Electric,+6580005130,Neha Smith,SG,Commercial,VIN4338530P
131,Toyota,Yaris,ID-9601-49,2025,Hatchback,Black,ENG452508N,Electric,+6580005131,Jordan Anderson,ID,Private,VIN6105138D
132,Mazda,CX-5,PH-5137-81,2016,SUV,Gray,ENG760460W,Petrol,+6580005132,Suresh Lim,ID,Company,VIN9787280Q
133,Mercedes,GLA,MY-1938-90,2005,SUV,Black,ENG865960I,Diesel,+6580005133,Jamie Lee,PH,Private,VIN7408577U
134,Mercedes,C200,SG-2742-79,2015,Coupe,White,ENG312149E,Electric,+6580005134,Wei Miller,TH,Rideshare,VIN6565947P
135,Kia,Sportage,ID-2102-24,2023,Pickup,Red,ENG392003E,Petrol,+6580005135,Priya Ng,TH,Company,VIN6915793K
136,Ford,Fiesta,SG-3406-56,2009,Sedan,Black,ENG180808A,Electric,+6580005136,Casey Chen,ID,Commercial,VIN9849143W
137,Mazda,6,SG-6064-34,2022,Hatchback,Red,ENG133939H,Hybrid,+6580005137,Taylor Tan,PH,Company,VIN1766393B
138,Honda,Jazz,MY-3780-47,2010,Sedan,Silver,ENG704516L,Hybrid,+6580005138,Taylor Lim,TH,Company,VIN5327583P
139,Toyota,RAV4,TH-8699-28,2025,Hatchback,Silver,ENG695807B,Electric,+6580005139,Jordan Johnson,ID,Company,VIN4580607B
140,Mazda,CX-5,PH-3721-86,2017,Hatchback,Silver,ENG319952G,Petrol,+6580005140,Rahul Johnson,SG,Rideshare,VIN6150025Q
141,Hyundai,i30,PH-5646-44,2013,SUV,Green,ENG933762N,Diesel,+6580005141,Alex Davis,SG,Private,VIN1440348E
142,Toyota,Vios,SG-3355-90,2005,Coupe,Blue,ENG208442D,Electric,+6580005142,Olivia Wong,SG,Commercial,VIN5738943I
143,BMW,X1,ID-9123-65,2021,Pickup,Black,ENG362241F,Diesel,+6580005143,Isha Gupta,ID,Private,VIN6227531F
144,Kia,Sportage,MY-6244-35,2011,Sedan,Green,ENG617927P,Petrol,+6580005144,Jamie Davis,SG,Private,VIN8596473F
145,Toyota,Vios,SG-5320-52,2024,Pickup,Silver,ENG832603F,Diesel,+6580005145,Emma Miller,SG,Commercial,VIN6357513E
146,Ford,Fiesta,MY-1468-70,2021,Pickup,Silver,ENG378479D,Petrol,+6580005146,Rahul Davis,TH,Commercial,VIN7659346Q
147,Ford,Fiesta,SG-8775-64,2015,Sedan,Black,ENG376648C,Diesel,+6580005147,Isha Lee,PH,Rideshare,VIN8949550S
148,Mercedes,GLA,PH-3014-65,2019,MPV,Green,ENG930829L,Hybrid,+6580005148,Morgan Lee,ID,Commercial,VIN8823508V
149,Nissan,Navara,ID-2573-27,2021,Pickup,Red,ENG428477Q,Hybrid,+6580005149,Mei Johnson,ID,Company,VIN8054914N
150,Mercedes,C200,PH-2587-41,2011,Sedan,Gray,ENG125854Q,Electric,+6580005150,Anita Tan,SG,Rideshare,VIN7787345P
151,Ford,Fiesta,MY-5963-60,2007,Coupe,Gray,ENG494812P,Diesel,+6580005151,Emma Anderson,PH,Rideshare,VIN3171340W
152,Mazda,3,PH-8761-74,2016,SUV,Blue,ENG685836E,Petrol,+6580005152,Mei Davis,ID,Private,VIN2311035E
153,Ford,Everest,TH-1351-17,2005,Hatchback,Blue,ENG737679M,Petrol,+6580005153,Noah Wilson,SG,Company,VIN7328832W
154,Hyundai,Santa Fe,PH-8966-45,2007,Hatchback,Black,ENG982298Q,Diesel,+6580005154,Kris Thomas,TH,Private,VIN7247667X
155,Kia,Cerato,PH-5493-56,2013,Coupe,Silver,ENG920433U,Petrol,+6580005155,Morgan Patel,PH,Rideshare,VIN5437867F
156,Kia,Sorento,TH-1404-51,2024,SUV,Silver,ENG527963U,Hybrid,+6580005156,Haru Patel,PH,Private,VIN3689602L
157,Kia,Rio,PH-5264-46,2015,SUV,White,ENG185465N,Electric,+6580005157,Liam Ng,PH,Company,VIN4323637F
158,BMW,X3,MY-6288-59,2015,Hatchback,Black,ENG143971X,Diesel,+6580005158,Suresh Anderson,MY,Rideshare,VIN2668771L
159,Honda,HR-V,MY-1628-65,2008,Coupe,Green,ENG646619K,Diesel,+6580005159,Sara Thomas,SG,Private,VIN5125747E
160,Ford,Ranger,PH-7750-97,2012,Sedan,Silver,ENG380938Q,Diesel,+6580005160,Rohan Davis,SG,Rideshare,VIN5389007V
161,Mazda,2,MY-3025-58,2025,Pickup,Black,ENG958045X,Hybrid,+6580005161,Nina Lim,SG,Private,VIN9464267X
162,Ford,Fiesta,SG-9084-42,2018,SUV,Red,ENG454280E,Petrol,+6580005162,Priya Davis,SG,Rideshare,VIN4510199Y
163,Nissan,Sylphy,ID-2098-10,2014,Coupe,Black,ENG308947W,Petrol,+6580005163,Noah Miller,MY,Private,VIN2025218T
164,Mitsubishi,Outlander,PH-2281-87,2011,Hatchback,Red,ENG974098I,Diesel,+6580005164,Sara Davis,PH,Company,VIN9222404W
165,Toyota,Vios,SG-9914-45,2011,Coupe,Blue,ENG873276A,Hybrid,+6580005165,Sara Smith,TH,Rideshare,VIN9662755A
166,Mitsubishi,Outlander,ID-5334-21,2020,SUV,Blue,ENG481276L,Electric,+6580005166,Sara Chen,SG,Company,VIN3612283R
167,BMW,320i,ID-7977-44,2023,Pickup,Blue,ENG129942F,Diesel,+6580005167,Kris Anderson,TH,Commercial,VIN3179206V
168,Mazda,CX-3,ID-2521-53,2017,Coupe,Black,ENG546390E,Hybrid,+6580005168,Kris Brown,ID,Private,VIN5379180N
169,Hyundai,Tucson,SG-9892-44,2010,SUV,Silver,ENG537319A,Electric,+6580005169,Priya Patel,SG,Private,VIN6993567X
170,Nissan,X-Trail,MY-1082-62,2011,Sedan,Green,ENG534451V,Diesel,+6580005170,Jamie Gupta,ID,Rideshare,VIN2629867H
171,Honda,Civic,ID-4576-37,2008,MPV,Silver,ENG287299F,Electric,+6580005171,Noah Davis,MY,Commercial,VIN8015896T
172,Mazda,CX-3,TH-5800-18,2005,Hatchback,Blue,ENG583581O,Diesel,+6580005172,Isha Miller,TH,Commercial,VIN8741111Q
173,Ford,Everest,PH-5510-86,2006,Hatchback,Black,ENG647125J,Petrol,+6580005173,Sam Johnson,PH,Rideshare,VIN5885832J
174,Mazda,CX-3,SG-7528-90,2008,SUV,Blue,ENG170461I,Petrol,+6580005174,Kai Tan,ID,Commercial,VIN5105254I
175,BMW,520i,MY-5510-96,2022,MPV,Silver,ENG756326O,Petrol,+6580005175,Wei Chen,ID,Private,VIN6355413Q
176,Mitsubishi,Outlander,MY-1387-51,2018,Pickup,Silver,ENG685176R,Diesel,+6580005176,Kai Kumar,PH,Company,VIN5596336D
177,Toyota,Camry,SG-7730-64,2017,Pickup,Green,ENG150364Q,Petrol,+6580005177,Liam Johnson,SG,Company,VIN1538280Q
178,Hyundai,Elantra,MY-6166-39,2011,Hatchback,Silver,ENG271220N,Hybrid,+6580005178,Sam Kumar,MY,Private,VIN3303715O
179,Mercedes,C200,TH-9497-29,2009,Coupe,Gray,ENG899316B,Petrol,+6580005179,Olivia Kumar,MY,Rideshare,VIN7960470F
180,BMW,520i,TH-4695-94,2007,Coupe,White,ENG852110M,Hybrid,+6580005180,Rohan Wong,TH,Commercial,VIN5205556F
181,Mitsubishi,Mirage,MY-6030-67,2018,MPV,White,ENG629241F,Electric,+6580005181,Sara Anderson,TH,Commercial,VIN4722144Y
182,Mercedes,E200,TH-8264-28,2013,SUV,White,ENG767687D,Hybrid,+6580005182,Liam Wong,PH,Company,VIN4895353V
183,Honda,CR-V,SG-2924-40,2016,MPV,Red,ENG843760T,Electric,+6580005183,Sara Brown,SG,Rideshare,VIN8386086O
184,Mercedes,GLA,PH-5853-81,2022,Hatchback,Gray,ENG748513W,Petrol,+6580005184,Avery Lim,SG,Company,VIN5418616E
185,Ford,Everest,SG-4732-54,2025,MPV,Green,ENG334843O,Hybrid,+6580005185,Emma Tan,ID,Company,VIN9340506S
186,Ford,Fiesta,MY-3998-22,2014,SUV,Black,ENG841618N,Hybrid,+6580005186,Haru Lim,TH,Rideshare,VIN7734840G
187,Ford,Ranger,ID-2906-95,2022,Sedan,Silver,ENG358182L,Diesel,+6580005187,Sam Wilson,TH,Company,VIN1697770L
188,Ford,Fiesta,TH-6247-19,2011,Pickup,Black,ENG698889U,Petrol,+6580005188,Jordan Brown,TH,Private,VIN5872802A
189,Toyota,Yaris,ID-2791-24,2012,Sedan,Green,ENG506914F,Petrol,+6580005189,Wei Lim,TH,Company,VIN7222701O
190,Toyota,RAV4,PH-2211-12,2025,Pickup,Blue,ENG776111M,Hybrid,+6580005190,Isha Brown,ID,Commercial,VIN9230270T
191,Mazda,CX-3,PH-3567-94,2017,MPV,Gray,ENG289074O,Petrol,+6580005191,Arun Kumar,ID,Commercial,VIN5585548X
192,Kia,Sportage,ID-8813-31,2005,MPV,Red,ENG957684L,Electric,+6580005192,Emma Chen,ID,Private,VIN9250481V
193,Kia,Sorento,MY-9398-64,2018,Coupe,Silver,ENG238768L,Hybrid,+6580005193,Noah Kumar,ID,Rideshare,VIN5474022C
194,Mitsubishi,Mirage,PH-4102-99,2008,Coupe,Green,ENG179460G,Diesel,+6580005194,Nina Smith,TH,Commercial,VIN7621429U
195,Kia,Sportage,SG-3284-50,2017,Coupe,Black,ENG518820L,Petrol,+6580005195,Suresh Chen,TH,Commercial,VIN4640551D
196,Mitsubishi,Outlander,PH-6424-99,2011,Hatchback,Silver,ENG919561U,Diesel,+6580005196,Arun Sharma,TH,Company,VIN8881139A
197,Hyundai,Elantra,MY-8470-45,2011,Coupe,Blue,ENG575354J,Diesel,+6580005197,Emma Ng,MY,Private,VIN3078947B
198,Mazda,CX-5,SG-1691-38,2012,Hatchback,Green,ENG244360Q,Hybrid,+6580005198,Priya Brown,ID,Private,VIN9560523Y
199,Ford,Focus,TH-5134-37,2021,Sedan,Silver,ENG112960G,Diesel,+6580005199,Nina Smith,TH,Company,VIN7519151X
200,Kia,Cerato,SG-9149-65,2019,Pickup,Black,ENG113913S,Petrol,+6580005200,Isha Lim,MY,Rideshare,VIN9039158G
201,BMW,520i,PH-3285-36,2017,Sedan,Green,ENG539328D,Petrol,+6580005201,Liam Wong,PH,Private,VIN5273444R
202,Ford,Everest,MY-1508-42,2020,Pickup,Green,ENG665200Y,Petrol,+6580005202,Suresh Johnson,ID,Private,VIN7374793B
203,Mercedes,GLC,TH-8285-99,2008,Sedan,Black,ENG245967E,Petrol,+6580005203,Mei Wilson,MY,Company,VIN1344563W
204,Kia,Cerato,TH-3080-75,2009,Sedan,Gray,ENG638322C,Diesel,+6580005204,Sam Davis,MY,Commercial,VIN5403489N
205,BMW,520i,MY-6311-40,2023,Hatchback,Silver,ENG421228G,Hybrid,+6580005205,Liam Davis,MY,Rideshare,VIN8110991V
206,Honda,City,SG-1672-18,2013,Sedan,Blue,ENG661221I,Diesel,+6580005206,Kai Wong,ID,Commercial,VIN1670038V
207,BMW,X1,TH-9053-65,2021,SUV,Silver,ENG121722P,Electric,+6580005207,Sara Miller,PH,Commercial,VIN7257248E
208,BMW,X1,ID-3441-47,2009,Pickup,Silver,ENG295056H,Electric,+6580005208,Kris Chen,PH,Private,VIN4889220C
209,Toyota,Vios,ID-9665-72,2017,MPV,Blue,ENG861512M,Electric,+6580005209,Aarav Anderson,MY,Company,VIN5218292Q
210,Ford,Focus,ID-2110-55,2015,Hatchback,Silver,ENG631331F,Petrol,+6580005210,Morgan Ng,PH,Rideshare,VIN2004736A
211,Nissan,Navara,SG-2310-95,2019,SUV,Blue,ENG863281L,Electric,+6580005211,Jamie Thomas,PH,Rideshare,VIN6478315Q
212,Mazda,6,TH-6506-30,2024,SUV,Blue,ENG495153C,Petrol,+6580005212,Taylor Lim,SG,Commercial,VIN8189752P
213,Mazda,CX-5,TH-3543-14,2007,Sedan,Blue,ENG223436E,Petrol,+6580005213,Mei Ng,TH,Private,VIN5739148Y
214,BMW,X3,PH-4222-65,2006,Pickup,Red,ENG719682R,Hybrid,+6580005214,Noah Miller,SG,Rideshare,VIN6580192A
215,Honda,Accord,MY-3769-94,2014,Coupe,Silver,ENG535762F,Electric,+6580005215,Avery Chen,MY,Private,VIN5844899J
216,Ford,Ranger,MY-7043-35,2006,Sedan,Gray,ENG297216A,Hybrid,+6580005216,Alex Johnson,MY,Company,VIN1124785K
217,BMW,320i,PH-9946-48,2022,Coupe,Silver,ENG205314M,Petrol,+6580005217,Kris Davis,SG,Rideshare,VIN5513879X
218,Nissan,Sylphy,PH-2965-95,2012,Hatchback,Red,ENG142159H,Diesel,+6580005218,Neha Tan,SG,Company,VIN3230733G
219,Mitsubishi,Triton,ID-5417-30,2020,Hatchback,Gray,ENG239970A,Diesel,+6580005219,Aarav Wilson,ID,Commercial,VIN9551308U
220,Kia,Cerato,SG-2690-82,2009,Hatchback,Gray,ENG146008G,Electric,+6580005220,Suresh Thomas,SG,Private,VIN8403469W
221,Toyota,Fortuner,ID-4696-89,2009,Sedan,White,ENG860997X,Diesel,+6580005221,Rahul Patel,ID,Commercial,VIN2061460F
222,Nissan,Sylphy,SG-9329-87,2022,Sedan,Black,ENG665185R,Petrol,+6580005222,Priya Anderson,PH,Private,VIN5356342I
223,BMW,320i,TH-3879-46,2021,MPV,Green,ENG144522K,Electric,+6580005223,Haru Tan,PH,Company,VIN8840207A
224,Nissan,Navara,ID-5079-76,2011,Pickup,Red,ENG900957G,Petrol,+6580005224,Anita Gupta,TH,Commercial,VIN2099420E
225,BMW,520i,MY-6432-27,2019,MPV,Green,ENG831057B,Hybrid,+6580005225,Jordan Patel,SG,Rideshare,VIN5006686G
226,Ford,Ranger,MY-5647-86,2008,Coupe,Gray,ENG103223T,Diesel,+6580005226,Anita Johnson,PH,Rideshare,VIN3246910B
227,Mercedes,C200,SG-7328-29,2019,Sedan,Silver,ENG881358G,Petrol,+6580005227,Riley Kumar,MY,Rideshare,VIN6969255B
228,Mercedes,GLC,PH-7158-94,2014,MPV,Red,ENG734032Y,Electric,+6580005228,Taylor Anderson,MY,Commercial,VIN9980249Z
229,Toyota,RAV4,TH-7655-85,2016,MPV,Red,ENG253734N,Hybrid,+6580005229,Taylor Thomas,ID,Company,VIN6783398N
230,Ford,Ranger,TH-9549-35,2023,Pickup,Red,ENG531106U,Diesel,+6580005230,Jordan Johnson,TH,Rideshare,VIN5531886A
231,Hyundai,i30,ID-9122-79,2023,SUV,Gray,ENG227154G,Diesel,+6580005231,Mei Lim,PH,Rideshare,VIN6152253I
232,Toyota,Yaris,PH-9922-91,2018,Pickup,Red,ENG224775O,Electric,+6580005232,Arun Tan,ID,Company,VIN4958582M
233,Mitsubishi,Outlander,TH-5884-87,2015,Coupe,Blue,ENG637086R,Petrol,+6580005233,Aarav Lim,MY,Rideshare,VIN8581014U
234,Mitsubishi,Mirage,MY-7136-44,2013,Hatchback,Blue,ENG512272O,Electric,+6580005234,Avery Ng,MY,Rideshare,VIN4115342U
235,Ford,Ranger,TH-1768-35,2021,Coupe,Silver,ENG710247H,Hybrid,+6580005235,Kai Tan,SG,Rideshare,VIN4526333M
236,Mercedes,GLC,ID-9829-66,2013,SUV,Green,ENG275730E,Electric,+6580005236,Arun Smith,PH,Rideshare,VIN5691140R
237,Toyota,Camry,MY-9442-31,2016,SUV,Black,ENG172973Q,Diesel,+6580005237,Kai Chen,PH,Private,VIN3243546G
238,Ford,Fiesta,TH-8256-37,2023,Coupe,Blue,ENG295190A,Hybrid,+6580005238,Riley Chen,TH,Commercial,VIN7911210F
239,BMW,520i,TH-3445-13,2008,Hatchback,Green,ENG482003M,Petrol,+6580005239,Noah Kumar,TH,Private,VIN1746009I
240,Nissan,Navara,SG-3472-29,2008,Hatchback,Black,ENG223815V,Electric,+6580005240,Suresh Miller,TH,Private,VIN2932163T
241,Honda,HR-V,SG-4516-95,2023,MPV,Silver,ENG234430Y,Electric,+6580005241,Sara Lee,SG,Commercial,VIN8612398D
242,Mitsubishi,Attrage,MY-8255-85,2016,SUV,Silver,ENG545823F,Diesel,+6580005242,Jamie Wilson,SG,Commercial,VIN5212751O
243,Nissan,X-Trail,PH-9652-96,2016,Pickup,Gray,ENG837576N,Hybrid,+6580005243,Haru Lee,TH,Private,VIN1091715K
244,Ford,Ranger,PH-9670-73,2025,Hatchback,Red,ENG168281G,Electric,+6580005244,Emma Miller,SG,Company,VIN7412608T
245,BMW,X1,PH-1500-19,2022,Pickup,Silver,ENG418886R,Diesel,+6580005245,Riley Wong,ID,Rideshare,VIN9756805Q
246,Mazda,CX-3,ID-6800-23,2019,MPV,Green,ENG943906V,Electric,+6580005246,Riley Patel,SG,Company,VIN5748622T
247,Toyota,Vios,MY-9372-22,2017,SUV,Green,ENG970379W,Petrol,+6580005247,Riley Johnson,MY,Rideshare,VIN9314653E
248,Mitsubishi,Outlander,SG-2812-25,2024,Hatchback,Red,ENG728210V,Diesel,+6580005248,Jordan Wilson,MY,Commercial,VIN7400338W
249,Mazda,6,PH-1473-64,2009,Hatchback,Green,ENG920228L,Hybrid,+6580005249,Kai Brown,ID,Commercial,VIN4092466Y
250,Mitsubishi,Triton,TH-7693-43,2010,Coupe,Green,ENG545632C,Diesel,+6580005250,Neha Wong,TH,Private,VIN4420722Q
251,Toyota,Camry,PH-9829-58,2010,Sedan,Gray,ENG470808W,Petrol,+6580005251,Aarav Thomas,SG,Private,VIN7493199H
252,Mercedes,GLC,PH-9645-75,2009,Coupe,Blue,ENG163880J,Hybrid,+6580005252,Haru Ng,ID,Private,VIN5600997O
253,Mitsubishi,Mirage,MY-7286-21,2014,Sedan,Red,ENG346658R,Hybrid,+6580005253,Priya Sharma,SG,Private,VIN9096480I
254,Kia,Sportage,TH-7363-87,2019,Sedan,Blue,ENG345450R,Electric,+6580005254,Noah Thomas,PH,Private,VIN8926872Q
255,Honda,CR-V,PH-7599-27,2018,SUV,Black,ENG270623E,Electric,+6580005255,Priya Anderson,PH,Private,VIN8537652B
256,Honda,Civic,MY-1966-21,2008,MPV,Silver,ENG101075T,Diesel,+6580005256,Nina Miller,SG,Private,VIN6284544F
257,Hyundai,Santa Fe,MY-9585-40,2015,Hatchback,Gray,ENG655682B,Electric,+6580005257,Nina Gupta,PH,Company,VIN1652932X
258,Mitsubishi,Triton,ID-1884-97,2010,Hatchback,Red,ENG124948M,Hybrid,+6580005258,Sam Smith,MY,Private,VIN3971689A
259,Honda,CR-V,MY-2536-38,2025,SUV,Blue,ENG746551F,Hybrid,+6580005259,Rahul Sharma,MY,Rideshare,VIN3457995B
260,Nissan,Sylphy,TH-6041-52,2008,Sedan,White,ENG873040Z,Petrol,+6580005260,Emma Tan,ID,Private,VIN6975532H
261,Mazda,CX-5,TH-2621-92,2024,Coupe,Red,ENG279219C,Hybrid,+6580005261,Liam Wong,PH,Company,VIN1071738V
262,Mazda,3,PH-2797-18,2018,SUV,Blue,ENG731707W,Diesel,+6580005262,Arun Lee,TH,Private,VIN3140448B
263,Honda,Accord,SG-7877-72,2005,MPV,White,ENG484714M,Hybrid,+6580005263,Sara Davis,ID,Company,VIN1680808M
264,Mercedes,GLC,MY-4614-35,2022,SUV,Green,ENG351052E,Hybrid,+6580005264,Mei Chen,MY,Private,VIN7118155R
265,Nissan,X-Trail,MY-7247-60,2014,Pickup,Black,ENG218323H,Petrol,+6580005265,Mei Gupta,TH,Commercial,VIN7173054Y
266,Hyundai,i30,TH-8286-69,2019,Hatchback,Blue,ENG550861M,Hybrid,+6580005266,Suresh Kumar,TH,Company,VIN1057131D
267,Ford,Fiesta,PH-4114-76,2024,MPV,Black,ENG101493J,Hybrid,+6580005267,Nina Wilson,TH,Rideshare,VIN4783293E
268,Hyundai,Santa Fe,SG-7177-33,2024,SUV,Black,ENG489641U,Petrol,+6580005268,Rohan Brown,TH,Company,VIN5104413C
269,Ford,Ranger,MY-4028-17,2020,Sedan,Green,ENG243747A,Hybrid,+6580005269,Riley Davis,TH,Private,VIN2193206T
270,Mazda,2,TH-1748-30,2008,MPV,White,ENG469070A,Hybrid,+6580005270,Haru Brown,MY,Rideshare,VIN8652001Z
271,Honda,Accord,PH-3639-69,2018,Coupe,Black,ENG547287J,Diesel,+6580005271,Taylor Smith,PH,Rideshare,VIN9799989T
272,Toyota,Yaris,MY-5937-76,2016,Hatchback,Silver,ENG760914W,Electric,+6580005272,Rahul Smith,ID,Commercial,VIN3108240B
273,Nissan,X-Trail,ID-4406-93,2008,Sedan,Silver,ENG343259V,Electric,+6580005273,Arun Davis,PH,Company,VIN1470104B
274,Ford,Everest,SG-8168-64,2009,Pickup,Blue,ENG739590L,Hybrid,+6580005274,Sam Tan,TH,Rideshare,VIN7210843G
275,Mercedes,C200,PH-6623-59,2017,MPV,Silver,ENG847227I,Diesel,+6580005275,Sam Wilson,TH,Commercial,VIN8572723S
276,Mazda,3,SG-9840-35,2011,SUV,Silver,ENG416713O,Petrol,+6580005276,Kris Anderson,PH,Company,VIN9532465T
277,Mercedes,GLC,TH-8141-41,2019,Coupe,Red,ENG951825E,Electric,+6580005277,Riley Patel,TH,Private,VIN8238772M
278,Hyundai,Santa Fe,ID-5616-61,2014,Coupe,White,ENG724734N,Diesel,+6580005278,Avery Patel,TH,Private,VIN3364066W
279,Hyundai,i30,ID-3800-94,2023,MPV,White,ENG162538O,Electric,+6580005279,Noah Davis,TH,Company,VIN8317344H
280,Toyota,Fortuner,PH-9563-22,2025,SUV,Black,ENG907743C,Diesel,+6580005280,Mei Miller,ID,Private,VIN8728329Q
281,Mercedes,GLA,ID-5518-19,2021,Hatchback,Green,ENG737809Z,Hybrid,+6580005281,Morgan Davis,ID,Commercial,VIN5848200O
282,Ford,Everest,SG-1774-10,2011,Sedan,Red,ENG461667X,Electric,+6580005282,Wei Brown,SG,Rideshare,VIN4410904A
283,Hyundai,Santa Fe,TH-4018-33,2008,MPV,White,ENG447902H,Diesel,+6580005283,Aarav Patel,ID,Private,VIN5338920P
284,Mercedes,C200,ID-2090-17,2015,Sedan,Blue,ENG993050U,Petrol,+6580005284,Rahul Patel,PH,Private,VIN5333997O
285,Ford,Everest,ID-6352-94,2011,SUV,Red,ENG337425P,Petrol,+6580005285,Morgan Anderson,PH,Private,VIN6976722N
286,Ford,Everest,PH-6710-76,2009,MPV,Red,ENG216561S,Petrol,+6580005286,Riley Ng,SG,Company,VIN8763837X
287,Hyundai,Elantra,ID-1194-95,2015,Hatchback,Black,ENG806042M,Petrol,+6580005287,Neha Wong,SG,Commercial,VIN2339161A
288,Hyundai,Santa Fe,ID-4922-84,2020,MPV,Black,ENG474413L,Petrol,+6580005288,Morgan Brown,MY,Commercial,VIN7591556V
289,Mercedes,GLA,TH-1354-83,2018,MPV,Green,ENG147084N,Electric,+6580005289,Anita Gupta,PH,Private,VIN3914209F
290,Nissan,Sylphy,ID-3183-54,2013,Hatchback,White,ENG374691C,Diesel,+6580005290,Nina Sharma,SG,Private,VIN6974357O
291,Ford,Fiesta,SG-3481-14,2006,MPV,Silver,ENG917294Z,Diesel,+6580005291,Anita Davis,TH,Private,VIN7046357G
292,Hyundai,i30,SG-7509-11,2009,SUV,Black,ENG325101S,Hybrid,+6580005292,Wei Lim,TH,Private,VIN5556644J
293,Ford,Everest,SG-9375-39,2019,Coupe,Blue,ENG192873S,Petrol,+6580005293,Emma Tan,ID,Rideshare,VIN3191599C
294,Mercedes,C200,ID-3494-40,2009,Coupe,Gray,ENG311331O,Electric,+6580005294,Neha Tan,ID,Private,VIN6651210J
295,BMW,520i,MY-1262-27,2022,Sedan,Red,ENG631623E,Diesel,+6580005295,Aarav Sharma,PH,Company,VIN5848379A
296,Nissan,Navara,SG-6748-21,2009,Sedan,Red,ENG377339R,Hybrid,+6580005296,Alex Wilson,ID,Company,VIN6454311H
297,Ford,Ranger,SG-3615-84,2006,Coupe,Black,ENG479170A,Petrol,+6580005297,Suresh Wong,PH,Rideshare,VIN9398649S
298,Honda,Civic,TH-2492-30,2016,SUV,Black,ENG788402X,Hybrid,+6580005298,Taylor Chen,TH,Private,VIN2987493W
299,Nissan,Almera,SG-8742-31,2022,MPV,Red,ENG977784O,Petrol,+6580005299,Haru Ng,ID,Private,VIN4803354O
300,Ford,Everest,SG-8158-89,2008,Hatchback,Blue,ENG990979L,Diesel,+6580005300,Taylor Smith,SG,Private,VIN7821151J
301,BMW,X3,SG-6243-70,2012,MPV,Silver,ENG436542X,Petrol,+6580005301,Casey Thomas,SG,Company,VIN9265786K
302,Hyundai,Santa Fe,TH-7280-16,2010,MPV,Black,ENG448474I,Electric,+6580005302,Isha Anderson,ID,Commercial,VIN8564314F
303,Hyundai,Santa Fe,ID-1946-70,2021,MPV,Gray,ENG624090W,Hybrid,+6580005303,Rahul Gupta,TH,Company,VIN2291416S
304,BMW,320i,SG-5360-33,2017,SUV,Gray,ENG969086C,Petrol,+6580005304,Suresh Thomas,SG,Private,VIN8559426O
305,Mercedes,GLC,SG-3055-65,2018,Pickup,Gray,ENG777256K,Diesel,+6580005305,Mei Chen,PH,Rideshare,VIN6970972G
306,Mitsubishi,Outlander,SG-4703-61,2023,MPV,Green,ENG681313Z,Hybrid,+6580005306,Arun Kumar,PH,Commercial,VIN5120538G
307,Ford,Everest,TH-7566-26,2018,SUV,Gray,ENG433973E,Electric,+6580005307,Jamie Brown,SG,Commercial,VIN1426222T
308,Ford,Ranger,PH-4248-36,2012,Hatchback,Blue,ENG718206R,Electric,+6580005308,Rahul Wong,MY,Private,VIN3783829K
309,Mitsubishi,Attrage,MY-3867-86,2005,Sedan,Blue,ENG836274U,Electric,+6580005309,Anita Chen,ID,Private,VIN3254503N
310,Mazda,CX-3,ID-2476-66,2018,Coupe,Black,ENG999038H,Petrol,+6580005310,Avery Kumar,ID,Private,VIN1208554U
311,Mazda,CX-3,MY-8018-52,2011,MPV,Green,ENG507603S,Hybrid,+6580005311,Mei Lee,TH,Rideshare,VIN5922802Y
312,Kia,Sportage,TH-7352-39,2017,MPV,Green,ENG920142C,Hybrid,+6580005312,Isha Patel,SG,Rideshare,VIN9682699X
313,BMW,X3,MY-4572-74,2015,Coupe,Blue,ENG947603B,Electric,+6580005313,Haru Kumar,PH,Company,VIN4428429J
314,Toyota,Camry,PH-9774-97,2012,Sedan,Red,ENG908538H,Hybrid,+6580005314,Kris Lee,SG,Rideshare,VIN7019539Y
315,Ford,Focus,TH-1509-75,2025,MPV,White,ENG642723U,Petrol,+6580005315,Mei Chen,ID,Commercial,VIN9869982F
316,Nissan,Almera,MY-3336-48,2010,Coupe,Silver,ENG325391N,Petrol,+6580005316,Emma Lim,TH,Commercial,VIN8692845L
317,Mitsubishi,Triton,TH-3210-16,2013,Hatchback,Blue,ENG649909M,Diesel,+6580005317,Riley Davis,PH,Commercial,VIN1185885M
318,Mitsubishi,Attrage,TH-5923-25,2005,Hatchback,Blue,ENG950948S,Electric,+6580005318,Priya Ng,PH,Company,VIN3221223B
319,Mazda,CX-5,PH-6173-61,2008,Sedan,White,ENG620304P,Electric,+6580005319,Avery Chen,SG,Company,VIN6865513B
320,Mercedes,C200,PH-6800-75,2005,SUV,Silver,ENG671063X,Petrol,+6580005320,Neha Wong,MY,Company,VIN5371673I
321,Mazda,3,MY-7840-26,2011,Sedan,Black,ENG734285O,Hybrid,+6580005321,Jamie Lee,PH,Private,VIN8247800P
322,Ford,Focus,MY-7396-19,2024,MPV,Silver,ENG864616H,Hybrid,+6580005322,Suresh Wilson,ID,Company,VIN3219131N
323,Mitsubishi,Outlander,TH-4277-68,2016,MPV,Gray,ENG829928T,Hybrid,+6580005323,Sam Wong,PH,Commercial,VIN7583768B
324,Nissan,Navara,ID-1262-26,2011,SUV,Green,ENG165942L,Hybrid,+6580005324,Alex Lim,MY,Commercial,VIN1073283C
325,Kia,Cerato,MY-8679-16,2010,Hatchback,Red,ENG827779P,Electric,+6580005325,Kai Lim,PH,Rideshare,VIN5099691A
326,Mitsubishi,Outlander,TH-4480-48,2020,Coupe,White,ENG734021S,Diesel,+6580005326,Rohan Lee,ID,Rideshare,VIN6386864C
327,Ford,Everest,SG-8116-70,2016,MPV,Black,ENG548819O,Electric,+6580005327,Casey Johnson,PH,Private,VIN8209168F
328,BMW,X1,TH-5120-12,2005,Coupe,White,ENG291315V,Electric,+6580005328,Suresh Chen,TH,Commercial,VIN9909616W
329,Mercedes,E200,ID-2370-59,2017,Hatchback,White,ENG203763N,Hybrid,+6580005329,Rahul Smith,ID,Company,VIN5660426K
330,Mazda,6,ID-1995-32,2006,Coupe,Silver,ENG866846B,Diesel,+6580005330,Alex Gupta,SG,Commercial,VIN5514997V
331,Mazda,CX-3,TH-1669-39,2008,MPV,Red,ENG561392V,Electric,+6580005331,Haru Patel,PH,Company,VIN8722147L
332,Kia,Sorento,MY-6118-63,2024,MPV,Blue,ENG976583A,Electric,+6580005332,Casey Sharma,TH,Company,VIN3422826H
333,BMW,X3,ID-4364-77,2005,Hatchback,White,ENG818534P,Electric,+6580005333,Taylor Ng,TH,Company,VIN2824928F
334,Ford,Focus,ID-8245-40,2008,Hatchback,Green,ENG944514V,Diesel,+6580005334,Morgan Smith,MY,Rideshare,VIN1716522V
335,Kia,Sportage,MY-1354-18,2018,Hatchback,Black,ENG742940K,Electric,+6580005335,Avery Wilson,PH,Commercial,VIN2996911L
336,Mercedes,C200,MY-2620-39,2014,SUV,Red,ENG602805M,Petrol,+6580005336,Arun Gupta,PH,Commercial,VIN9168044Z
337,Ford,Focus,MY-3453-91,2014,SUV,Green,ENG523210D,Hybrid,+6580005337,Kris Lee,PH,Commercial,VIN4544837H
338,Mitsubishi,Outlander,MY-7192-99,2007,SUV,Red,ENG605625J,Diesel,+6580005338,Casey Johnson,SG,Private,VIN5374061W
339,Toyota,Camry,ID-4242-41,2007,SUV,Silver,ENG287910W,Diesel,+6580005339,Alex Brown,SG,Private,VIN4098520G
340,Nissan,Navara,SG-4517-30,2012,Coupe,Blue,ENG366509K,Electric,+6580005340,Isha Patel,MY,Commercial,VIN4633581J
341,Mitsubishi,Triton,MY-7452-65,2015,Coupe,Black,ENG454485G,Electric,+6580005341,Casey Thomas,MY,Commercial,VIN3585301J
342,Honda,City,PH-7940-71,2022,Coupe,White,ENG682936E,Electric,+6580005342,Neha Gupta,PH,Commercial,VIN2976769E
343,Kia,Rio,PH-5458-84,2006,Sedan,Black,ENG337420H,Hybrid,+6580005343,Jamie Kumar,ID,Company,VIN9087141V
344,Mercedes,C200,TH-9905-58,2006,Sedan,Silver,ENG925443P,Petrol,+6580005344,Nina Lim,ID,Private,VIN4410441E
345,Mercedes,GLC,TH-7365-18,2018,MPV,Silver,ENG953696L,Hybrid,+6580005345,Riley Smith,TH,Company,VIN6232610C
346,Kia,Rio,MY-1663-99,2021,Pickup,Green,ENG947277D,Petrol,+6580005346,Alex Davis,ID,Private,VIN5562452Z
347,BMW,320i,PH-8608-77,2012,Sedan,Black,ENG666702A,Petrol,+6580005347,Alex Patel,SG,Rideshare,VIN6526890H
348,Mitsubishi,Outlander,TH-9516-87,2022,Pickup,White,ENG495588C,Petrol,+6580005348,Anita Smith,ID,Company,VIN5036476H
349,Ford,Everest,PH-1471-59,2010,Pickup,Blue,ENG948290M,Petrol,+6580005349,Riley Gupta,TH,Rideshare,VIN8586294B
350,Mitsubishi,Outlander,SG-4030-29,2006,Pickup,White,ENG804039S,Petrol,+6580005350,Morgan Sharma,TH,Commercial,VIN7269172T
351,Kia,Sorento,SG-6645-32,2020,Coupe,Green,ENG538399C,Diesel,+6580005351,Alex Chen,PH,Private,VIN6388039P
352,Kia,Sportage,PH-4419-26,2020,MPV,Red,ENG370380D,Electric,+6580005352,Isha Thomas,TH,Company,VIN7924536K
353,Honda,Accord,SG-7909-26,2019,Pickup,Red,ENG616098F,Diesel,+6580005353,Neha Smith,SG,Company,VIN4615672I
354,Nissan,Almera,SG-9486-47,2021,SUV,Black,ENG506531I,Diesel,+6580005354,Avery Kumar,ID,Company,VIN7392549A
355,BMW,X1,SG-4499-52,2011,MPV,Red,ENG786324D,Hybrid,+6580005355,Liam Kumar,ID,Rideshare,VIN8685331K
356,BMW,320i,PH-6697-64,2015,Pickup,Red,ENG257235R,Hybrid,+6580005356,Sam Johnson,TH,Commercial,VIN9542620F
357,Mazda,6,TH-8926-70,2020,Pickup,Red,ENG892375D,Petrol,+6580005357,Rohan Anderson,MY,Commercial,VIN6352593E
358,Honda,CR-V,SG-5233-41,2024,Coupe,White,ENG580934A,Hybrid,+6580005358,Arun Patel,ID,Commercial,VIN8068802B
359,Nissan,Sylphy,MY-7436-78,2015,SUV,Green,ENG721013F,Electric,+6580005359,Isha Ng,MY,Private,VIN1660983Z
360,Toyota,RAV4,TH-1808-43,2012,Coupe,Gray,ENG537422N,Petrol,+6580005360,Sam Davis,ID,Commercial,VIN9955503U
361,Mazda,CX-5,TH-8085-79,2021,Coupe,Red,ENG474902A,Petrol,+6580005361,Neha Brown,TH,Company,VIN7736356F
362,Kia,Sorento,SG-9755-78,2019,Sedan,Red,ENG219695J,Electric,+6580005362,Jordan Tan,MY,Private,VIN1073195W
363,Hyundai,Santa Fe,SG-5539-49,2017,Coupe,Blue,ENG485329N,Electric,+6580005363,Jamie Tan,ID,Company,VIN4494335L
364,Toyota,Vios,SG-3865-78,2013,Pickup,Gray,ENG273208X,Petrol,+6580005364,Jordan Miller,TH,Rideshare,VIN3889293Y
365,BMW,X3,ID-4001-95,2016,Sedan,Red,ENG153595Q,Hybrid,+6580005365,Haru Sharma,PH,Commercial,VIN6873658L
366,Mercedes,E200,SG-8069-40,2005,Hatchback,Blue,ENG726747K,Petrol,+6580005366,Suresh Wilson,SG,Rideshare,VIN6630212B
367,Kia,Sorento,TH-2385-14,2025,Hatchback,Red,ENG713685P,Electric,+6580005367,Morgan Wong,MY,Private,VIN7845108E
368,BMW,X3,PH-1560-37,2014,Coupe,Silver,ENG157975F,Hybrid,+6580005368,Liam Brown,ID,Company,VIN1792402H
369,Ford,Fiesta,ID-1206-69,2021,MPV,Red,ENG421133U,Electric,+6580005369,Suresh Wilson,TH,Private,VIN1717087A
370,Ford,Fiesta,SG-7099-56,2020,Hatchback,Gray,ENG203227G,Electric,+6580005370,Neha Patel,SG,Commercial,VIN3345284G
371,Hyundai,i30,TH-2861-94,2025,Hatchback,Gray,ENG160451M,Hybrid,+6580005371,Olivia Sharma,MY,Private,VIN1732845I
372,Honda,Accord,PH-8552-56,2016,Pickup,Green,ENG286655X,Electric,+6580005372,Morgan Davis,PH,Rideshare,VIN7887394G
373,Ford,Everest,TH-3525-28,2015,SUV,White,ENG559218Z,Hybrid,+6580005373,Taylor Chen,MY,Private,VIN5262432P
374,Mazda,CX-3,SG-3953-49,2009,Coupe,Black,ENG777735F,Hybrid,+6580005374,Morgan Anderson,TH,Private,VIN7908768V
375,Nissan,Navara,SG-2156-13,2025,Hatchback,Silver,ENG501951K,Hybrid,+6580005375,Riley Chen,SG,Commercial,VIN5057769P
376,Kia,Rio,PH-6402-53,2005,Pickup,Silver,ENG314121K,Petrol,+6580005376,Emma Johnson,TH,Rideshare,VIN5563057P
377,Hyundai,Santa Fe,ID-6873-63,2018,Coupe,Silver,ENG100054U,Hybrid,+6580005377,Taylor Thomas,PH,Company,VIN1335591V
378,Mitsubishi,Mirage,ID-1848-95,2017,Hatchback,Silver,ENG637027L,Diesel,+6580005378,Alex Lim,SG,Private,VIN3370656O
379,Mazda,CX-5,ID-9817-50,2006,MPV,Blue,ENG681192T,Electric,+6580005379,Sara Wilson,MY,Company,VIN7280278T
380,Mazda,CX-3,TH-4281-96,2009,Pickup,Gray,ENG133440U,Petrol,+6580005380,Nina Tan,MY,Company,VIN1484914S
381,Mitsubishi,Mirage,TH-4793-10,2010,MPV,Red,ENG294967P,Electric,+6580005381,Kris Lee,MY,Rideshare,VIN9072838V
382,Hyundai,Tucson,TH-5383-63,2015,MPV,Green,ENG182349L,Diesel,+6580005382,Olivia Anderson,PH,Rideshare,VIN3815007W
383,Mazda,3,SG-6445-92,2016,SUV,Black,ENG990214B,Petrol,+6580005383,Priya Sharma,SG,Commercial,VIN1987944Z
384,Ford,Everest,ID-3793-93,2017,MPV,Blue,ENG916942M,Diesel,+6580005384,Alex Anderson,TH,Rideshare,VIN9331051S
385,Toyota,Fortuner,PH-1381-42,2007,Coupe,Blue,ENG864073S,Hybrid,+6580005385,Suresh Brown,MY,Commercial,VIN1591852D
386,Mazda,CX-3,ID-3099-81,2012,MPV,Silver,ENG197492X,Electric,+6580005386,Haru Kumar,SG,Rideshare,VIN4708816E
387,Mazda,2,ID-6281-54,2015,MPV,Red,ENG266346Q,Electric,+6580005387,Jamie Thomas,ID,Rideshare,VIN2459376V
388,Kia,Cerato,PH-9518-42,2018,Coupe,Red,ENG151710C,Petrol,+6580005388,Jamie Lee,TH,Commercial,VIN6033367R
389,Hyundai,Tucson,PH-3273-21,2010,Pickup,Black,ENG537030I,Diesel,+6580005389,Olivia Johnson,ID,Company,VIN9589909I
390,Kia,Rio,TH-1043-84,2013,MPV,Green,ENG156380P,Electric,+6580005390,Arun Sharma,MY,Private,VIN6801128G
391,Honda,Accord,ID-3746-40,2011,Coupe,Red,ENG787028Z,Hybrid,+6580005391,Mei Lee,MY,Private,VIN8801640D
392,Mazda,CX-3,TH-8019-72,2012,SUV,Red,ENG934229L,Electric,+6580005392,Jordan Wilson,SG,Company,VIN3148945E
393,Mercedes,C200,SG-3068-96,2009,Hatchback,Green,ENG941238F,Petrol,+6580005393,Jamie Chen,MY,Commercial,VIN7335257C
394,Mitsubishi,Attrage,SG-2823-33,2019,Hatchback,Blue,ENG317116M,Petrol,+6580005394,Avery Lee,PH,Company,VIN7625199J
395,Toyota,Camry,MY-3141-53,2008,Coupe,Blue,ENG572518V,Petrol,+6580005395,Morgan Thomas,SG,Rideshare,VIN2675054G
396,Honda,Accord,PH-5006-34,2007,MPV,Silver,ENG485501Q,Electric,+6580005396,Emma Lee,TH,Rideshare,VIN8613430D
397,Ford,Everest,MY-2905-10,2014,MPV,Silver,ENG659236B,Hybrid,+6580005397,Arun Miller,TH,Private,VIN2555745L
398,Ford,Ranger,ID-7137-69,2006,Coupe,Black,ENG697167S,Electric,+6580005398,Casey Brown,TH,Company,VIN8859049S
399,Mitsubishi,Outlander,PH-6510-46,2022,Pickup,Green,ENG457189H,Petrol,+6580005399,Morgan Anderson,SG,Rideshare,VIN3797073L
400,Mitsubishi,Outlander,SG-7997-11,2012,Hatchback,Green,ENG291628R,Petrol,+6580005400,Haru Lee,SG,Rideshare,VIN2318368W
401,BMW,320i,ID-1802-21,2013,SUV,Gray,ENG723293E,Diesel,+6580005401,Casey Brown,ID,Private,VIN5494466X
402,Nissan,X-Trail,PH-8663-40,2023,Pickup,Black,ENG504203E,Hybrid,+6580005402,Olivia Lim,PH,Commercial,VIN2175912F
403,Mercedes,E200,SG-4617-62,2024,Hatchback,White,ENG724356Y,Petrol,+6580005403,Arun Gupta,SG,Private,VIN6571507E
404,Toyota,Yaris,MY-8426-62,2007,Coupe,Silver,ENG415732E,Electric,+6580005404,Liam Wilson,TH,Rideshare,VIN6336813I
405,Toyota,Camry,TH-6682-15,2015,Sedan,Gray,ENG150539E,Diesel,+6580005405,Sara Ng,MY,Private,VIN1475421P
406,Honda,HR-V,PH-6974-65,2012,SUV,Black,ENG109707Y,Petrol,+6580005406,Mei Davis,SG,Rideshare,VIN1696850J
407,BMW,520i,ID-8841-32,2021,Sedan,White,ENG602443E,Electric,+6580005407,Riley Lee,PH,Private,VIN5871820O
408,Ford,Fiesta,PH-3401-12,2006,Hatchback,Silver,ENG654965L,Electric,+6580005408,Priya Kumar,TH,Company,VIN8999672P
409,Mazda,2,ID-5554-23,2019,MPV,Blue,ENG775092N,Hybrid,+6580005409,Jamie Davis,ID,Commercial,VIN9589677T
410,BMW,X1,MY-5963-29,2005,Hatchback,Black,ENG938068I,Diesel,+6580005410,Jamie Thomas,PH,Company,VIN4211039X
411,Toyota,Vios,SG-4792-30,2015,Coupe,White,ENG566547S,Petrol,+6580005411,Kris Patel,ID,Private,VIN9427666L
412,Mazda,2,PH-1745-54,2020,Pickup,Black,ENG191843V,Petrol,+6580005412,Taylor Lee,PH,Company,VIN6574855J
413,Hyundai,Tucson,PH-7928-67,2013,Hatchback,Black,ENG344625V,Hybrid,+6580005413,Isha Davis,MY,Rideshare,VIN3713858H
414,Mercedes,GLC,ID-1546-65,2005,SUV,Silver,ENG686379U,Petrol,+6580005414,Haru Sharma,MY,Company,VIN3102107D
415,BMW,320i,TH-2437-39,2005,Sedan,Red,ENG875806R,Diesel,+6580005415,Aarav Kumar,PH,Rideshare,VIN7299307S
416,Mercedes,E200,TH-6624-27,2022,Hatchback,Red,ENG944146M,Electric,+6580005416,Morgan Chen,ID,Commercial,VIN8735896S
417,Toyota,Camry,TH-4117-51,2021,SUV,White,ENG661184Z,Petrol,+6580005417,Riley Smith,MY,Company,VIN8858567Y
418,Mazda,2,TH-8231-39,2018,SUV,Green,ENG404724R,Hybrid,+6580005418,Casey Chen,SG,Company,VIN3243689A
419,Mercedes,E200,PH-1493-87,2008,Pickup,Red,ENG515650H,Petrol,+6580005419,Suresh Davis,PH,Company,VIN8906186X
420,BMW,320i,MY-9244-80,2011,Pickup,Red,ENG566672U,Hybrid,+6580005420,Sam Johnson,MY,Private,VIN6134876P
421,Ford,Fiesta,SG-6004-52,2019,Pickup,Black,ENG563629I,Hybrid,+6580005421,Wei Wong,SG,Company,VIN1009434R
422,Mazda,6,ID-7486-99,2012,Sedan,Red,ENG696087A,Petrol,+6580005422,Haru Sharma,ID,Rideshare,VIN5986002Z
423,Ford,Focus,ID-8629-59,2008,Coupe,Red,ENG302695K,Petrol,+6580005423,Aarav Lee,ID,Commercial,VIN7507952S
424,Honda,Accord,ID-6065-43,2016,MPV,Silver,ENG938148P,Electric,+6580005424,Morgan Chen,SG,Commercial,VIN2564371U
425,Mercedes,C200,TH-4010-29,2006,MPV,Gray,ENG492717K,Petrol,+6580005425,Anita Wong,ID,Private,VIN8242152U
426,Nissan,Sylphy,SG-7557-34,2009,Hatchback,Red,ENG792305Q,Petrol,+6580005426,Taylor Chen,ID,Private,VIN5884456I
427,Honda,Jazz,SG-1021-53,2011,Pickup,White,ENG776828Q,Electric,+6580005427,Jordan Smith,ID,Company,VIN9645484A
428,Ford,Fiesta,MY-7754-20,2006,SUV,White,ENG196039B,Petrol,+6580005428,Jordan Wilson,SG,Private,VIN9327575R
429,Mazda,3,ID-4764-66,2018,Pickup,Red,ENG701283Y,Electric,+6580005429,Anita Thomas,SG,Company,VIN1080505Q
430,Mercedes,GLC,SG-9193-95,2011,Sedan,Green,ENG791095O,Diesel,+6580005430,Aarav Gupta,PH,Private,VIN1669128E
431,Mercedes,GLC,ID-6417-47,2013,SUV,Blue,ENG370514O,Hybrid,+6580005431,Taylor Sharma,MY,Private,VIN2938551T
432,Ford,Fiesta,ID-2104-78,2018,Coupe,Red,ENG269818J,Hybrid,+6580005432,Mei Johnson,ID,Commercial,VIN2050707Z
433,Nissan,Navara,SG-3745-36,2010,Sedan,Black,ENG553604M,Electric,+6580005433,Kris Ng,ID,Company,VIN7529675E
434,Nissan,X-Trail,MY-6533-47,2018,MPV,Blue,ENG861733Z,Diesel,+6580005434,Emma Miller,ID,Private,VIN5918604D
435,Mazda,6,PH-1474-98,2008,Hatchback,Red,ENG629063P,Petrol,+6580005435,Nina Brown,TH,Commercial,VIN5156573L
436,Toyota,Yaris,PH-9202-30,2007,Pickup,Red,ENG428555D,Petrol,+6580005436,Olivia Chen,SG,Rideshare,VIN7279055P
437,Nissan,X-Trail,MY-7662-11,2007,MPV,Blue,ENG191184Z,Petrol,+6580005437,Avery Patel,TH,Rideshare,VIN9427858W
438,Ford,Fiesta,TH-8062-90,2017,Pickup,White,ENG414984W,Petrol,+6580005438,Haru Lim,SG,Commercial,VIN2547559T
439,Kia,Sportage,PH-5023-27,2012,Hatchback,Red,ENG583616B,Petrol,+6580005439,Haru Wong,MY,Private,VIN1443388S
440,Mazda,3,TH-9714-12,2006,SUV,Red,ENG346819N,Hybrid,+6580005440,Mei Johnson,PH,Rideshare,VIN7933943N
441,Hyundai,Tucson,TH-7524-74,2012,Pickup,Blue,ENG889640I,Diesel,+6580005441,Haru Miller,SG,Rideshare,VIN1458061G
442,Mitsubishi,Mirage,ID-8592-14,2005,Coupe,Gray,ENG281110Z,Electric,+6580005442,Emma Smith,PH,Rideshare,VIN3082280J
443,Kia,Cerato,TH-1670-44,2023,SUV,Blue,ENG395532C,Hybrid,+6580005443,Riley Sharma,MY,Rideshare,VIN3512415Z
444,BMW,X1,TH-4951-73,2020,SUV,Blue,ENG807464X,Electric,+6580005444,Mei Lee,SG,Company,VIN3030037U
445,BMW,520i,MY-9267-44,2024,Hatchback,Red,ENG829016W,Electric,+6580005445,Haru Patel,PH,Company,VIN7868021V
446,Kia,Rio,MY-2417-65,2021,SUV,Black,ENG778739E,Hybrid,+6580005446,Mei Brown,ID,Rideshare,VIN3049700E
447,BMW,X1,MY-7531-91,2007,Hatchback,Silver,ENG777033P,Petrol,+6580005447,Jamie Miller,TH,Company,VIN2694962S
448,Hyundai,Elantra,ID-8141-65,2025,MPV,Gray,ENG768882V,Petrol,+6580005448,Anita Miller,TH,Rideshare,VIN9291506N
449,Ford,Fiesta,ID-7161-38,2010,SUV,Red,ENG509491V,Electric,+6580005449,Avery Chen,TH,Commercial,VIN5782865Q
450,Ford,Focus,MY-3142-74,2023,Sedan,Red,ENG447870M,Electric,+6580005450,Rahul Lim,PH,Commercial,VIN8423952R
451,Ford,Ranger,MY-8230-45,2019,Pickup,Red,ENG711150D,Petrol,+6580005451,Suresh Lim,TH,Commercial,VIN2942673Z
452,Mazda,CX-5,MY-1592-55,2015,Sedan,Blue,ENG199498V,Diesel,+6580005452,Sara Davis,PH,Company,VIN2367073Q
453,Mazda,2,ID-7071-19,2018,SUV,Gray,ENG806503C,Diesel,+6580005453,Morgan Wong,PH,Company,VIN1806418U
454,Honda,City,SG-4868-44,2018,MPV,Silver,ENG376417I,Hybrid,+6580005454,Alex Brown,SG,Rideshare,VIN9413811B
455,BMW,X3,ID-1129-34,2014,MPV,Blue,ENG233666I,Electric,+6580005455,Rohan Thomas,PH,Company,VIN9105355U
456,Mercedes,C200,TH-5437-43,2012,Coupe,White,ENG931342I,Petrol,+6580005456,Jamie Lee,PH,Company,VIN9589828H
457,BMW,520i,PH-1413-52,2006,Hatchback,Silver,ENG452750L,Diesel,+6580005457,Noah Anderson,TH,Company,VIN3664856A
458,Ford,Focus,SG-6937-39,2012,Hatchback,Silver,ENG923647S,Electric,+6580005458,Riley Davis,PH,Company,VIN1477989C
459,Ford,Everest,ID-8726-73,2013,Sedan,Gray,ENG118873H,Electric,+6580005459,Anita Davis,MY,Company,VIN1210079A
460,Honda,Accord,MY-3970-25,2005,Pickup,Red,ENG346456O,Petrol,+6580005460,Haru Lee,MY,Commercial,VIN7312675I
461,Kia,Cerato,MY-1451-14,2008,Sedan,White,ENG334822T,Petrol,+6580005461,Priya Patel,PH,Private,VIN6164323J
462,Hyundai,Santa Fe,SG-6964-56,2019,MPV,Black,ENG264580Y,Electric,+6580005462,Mei Lee,SG,Private,VIN6631152J
463,Ford,Everest,MY-1591-91,2009,SUV,White,ENG912282L,Diesel,+6580005463,Mei Wilson,TH,Private,VIN5578395V
464,Mitsubishi,Triton,ID-5606-92,2018,SUV,Red,ENG926993M,Electric,+6580005464,Neha Tan,TH,Commercial,VIN3289931P
465,Ford,Focus,PH-2961-30,2024,Hatchback,Black,ENG853694M,Petrol,+6580005465,Nina Kumar,PH,Private,VIN3137014G
466,BMW,520i,ID-5199-41,2007,Pickup,Gray,ENG880356Q,Hybrid,+6580005466,Neha Anderson,MY,Rideshare,VIN5482053B
467,Nissan,Sylphy,SG-9711-27,2006,Coupe,Green,ENG503187Q,Diesel,+6580005467,Kai Tan,MY,Private,VIN1545807S
468,Hyundai,Elantra,MY-9396-80,2014,MPV,Red,ENG220721W,Hybrid,+6580005468,Neha Lee,PH,Commercial,VIN5283351J
469,Mitsubishi,Attrage,ID-7985-26,2011,Coupe,Blue,ENG457479Z,Electric,+6580005469,Isha Wilson,SG,Commercial,VIN6534671L
470,Kia,Cerato,MY-4291-20,2020,Sedan,Silver,ENG445641V,Electric,+6580005470,Noah Smith,TH,Private,VIN8663691S
471,Kia,Rio,MY-3213-11,2022,Hatchback,Silver,ENG637398W,Petrol,+6580005471,Riley Patel,TH,Company,VIN8297498J
472,Kia,Sportage,PH-2046-25,2022,Hatchback,Green,ENG245862S,Diesel,+6580005472,Sam Ng,MY,Company,VIN9231662E
473,Mitsubishi,Mirage,SG-2006-47,2009,Sedan,Red,ENG634880N,Electric,+6580005473,Jamie Miller,SG,Rideshare,VIN3303311B
474,Toyota,Vios,TH-8750-12,2010,SUV,Blue,ENG750574N,Petrol,+6580005474,Morgan Patel,TH,Rideshare,VIN9452364G
475,Ford,Focus,TH-8449-50,2008,Sedan,White,ENG473551X,Electric,+6580005475,Noah Wilson,SG,Company,VIN1045975K
476,Mazda,CX-3,ID-6980-41,2012,Pickup,Black,ENG901062H,Petrol,+6580005476,Priya Wilson,MY,Rideshare,VIN4246521O
477,Mercedes,E200,ID-5710-92,2020,Sedan,Blue,ENG731408W,Hybrid,+6580005477,Neha Patel,SG,Company,VIN6878493W
478,BMW,X3,ID-9043-73,2006,Sedan,Silver,ENG803620S,Electric,+6580005478,Casey Brown,PH,Commercial,VIN2687061D
479,BMW,X1,TH-9798-40,2016,Pickup,Blue,ENG706799S,Electric,+6580005479,Wei Wong,TH,Rideshare,VIN3425906Y
480,Nissan,Sylphy,TH-4621-20,2019,Coupe,Gray,ENG635490N,Hybrid,+6580005480,Rohan Lee,TH,Rideshare,VIN8371524L
481,Mitsubishi,Mirage,ID-8765-43,2024,Hatchback,Silver,ENG391928S,Diesel,+6580005481,Morgan Lee,SG,Private,VIN9471318R
482,Mitsubishi,Triton,SG-1829-63,2006,Hatchback,Blue,ENG651015C,Petrol,+6580005482,Mei Johnson,SG,Company,VIN4185755K
483,Mercedes,GLA,PH-2849-47,2008,SUV,White,ENG887564C,Diesel,+6580005483,Sara Anderson,MY,Company,VIN4180304S
484,Nissan,Sylphy,MY-3998-79,2013,Coupe,White,ENG862593E,Diesel,+6580005484,Rohan Gupta,ID,Commercial,VIN7594547P
485,Honda,Jazz,PH-4397-85,2010,Pickup,Green,ENG555503Y,Diesel,+6580005485,Emma Thomas,MY,Commercial,VIN4683109R
486,Kia,Rio,SG-4894-79,2005,SUV,Blue,ENG475812C,Hybrid,+6580005486,Noah Gupta,MY,Rideshare,VIN3874187F
487,Mercedes,E200,MY-6033-96,2019,Coupe,Red,ENG992976X,Hybrid,+6580005487,Rohan Ng,SG,Private,VIN3705014O
488,Ford,Focus,TH-3103-12,2013,Hatchback,Red,ENG426513V,Electric,+6580005488,Jamie Kumar,TH,Rideshare,VIN6124355E
489,Mercedes,GLC,TH-1683-45,2021,Pickup,Black,ENG140721I,Hybrid,+6580005489,Morgan Gupta,MY,Rideshare,VIN9410273N
490,Toyota,Fortuner,MY-6882-97,2025,SUV,Red,ENG452925Y,Diesel,+6580005490,Isha Smith,MY,Rideshare,VIN1604167O
491,Honda,Civic,SG-2924-74,2019,Pickup,Green,ENG114449H,Diesel,+6580005491,Riley Smith,ID,Private,VIN5785962V
492,Mitsubishi,Mirage,ID-5436-35,2009,SUV,Gray,ENG945220V,Electric,+6580005492,Kris Lee,MY,Commercial,VIN7374377E
493,BMW,520i,PH-7041-17,2022,Sedan,Silver,ENG992877T,Hybrid,+6580005493,Jordan Chen,TH,Commercial,VIN4269101L
494,Hyundai,i30,ID-8579-85,2012,MPV,Silver,ENG783238J,Electric,+6580005494,Alex Wong,TH,Private,VIN1371435I
495,Mercedes,GLA,ID-9307-24,2010,Pickup,Red,ENG302423X,Petrol,+6580005495,Haru Patel,TH,Company,VIN2786276Q
496,Nissan,Navara,PH-4538-87,2018,Coupe,Blue,ENG296195C,Hybrid,+6580005496,Morgan Tan,SG,Commercial,VIN7364528A
497,Mercedes,C200,ID-3469-32,2005,MPV,Red,ENG758773P,Petrol,+6580005497,Nina Chen,SG,Rideshare,VIN6824539F
498,Kia,Sorento,ID-3096-67,2010,MPV,Gray,ENG455589D,Petrol,+6580005498,Kris Ng,SG,Rideshare,VIN4791069U
499,Mercedes,E200,MY-5044-66,2022,Sedan,Silver,ENG561788A,Hybrid,+6580005499,Jordan Wilson,PH,Commercial,VIN7525972L
500,Kia,Sorento,PH-8271-66,2005,Coupe,Gray,ENG940190B,Electric,+6580005500,Jordan Lee,ID,Rideshare,VIN7330500D
